USE `exe_db`;

-- Clear existing metadata
DELETE FROM `program_tasks_metadata`;
DELETE FROM `program_metrics_metadata`;
DELETE FROM `program_days`;
DELETE FROM `program_weeks`;
DELETE FROM `program_phases`;
DELETE FROM `protocols`;

INSERT INTO protocols (id, code, name, description, selection_policy, min_tier_required, duration_days, weights_json, is_active, created_at, updated_at) VALUES (1, 'P_MILD_21', 'Phác đồ Nhẹ (21 ngày)', 'Mức Độ NHẸ — Chương Trình Khởi Động 21 Ngày. Thích hợp cho người dùng smartphone ở mức độ chớm lệ thuộc.', 'USER_SELECT', 'BASIC', 21, '{"severity":0.3,"motivation":0.3,"adherenceRisk":0.2,"lifestyleConstraint":0.2}', TRUE, NOW(), NOW());
INSERT INTO protocols (id, code, name, description, selection_policy, min_tier_required, duration_days, weights_json, is_active, created_at, updated_at) VALUES (2, 'P_MODERATE_45', 'Phác đồ Trung bình (45 ngày)', 'Mức Độ TRUNG BÌNH — Chương Trình 45 Ngày. Dành cho người mất kiểm soát thời gian sử dụng, bồn chồn nhẹ khi thiếu điện thoại.', 'USER_SELECT', 'BASIC', 45, '{"severity":0.4,"motivation":0.2,"adherenceRisk":0.2,"lifestyleConstraint":0.2}', TRUE, NOW(), NOW());
INSERT INTO protocols (id, code, name, description, selection_policy, min_tier_required, duration_days, weights_json, is_active, created_at, updated_at) VALUES (3, 'P_SEVERE_90', 'Phác đồ Nặng (90 ngày)', 'Mức Độ NẶNG — Chương Trình Chuyên Sâu 90 Ngày. Phù hợp cho người bị ảnh hưởng rõ rệt tới giấc ngủ, hiệu suất và quan hệ xã hội.', 'USER_SELECT', 'BASIC', 90, '{"severity":0.5,"motivation":0.1,"adherenceRisk":0.3,"lifestyleConstraint":0.1}', TRUE, NOW(), NOW());
INSERT INTO protocols (id, code, name, description, selection_policy, min_tier_required, duration_days, weights_json, is_active, created_at, updated_at) VALUES (4, 'P_INTENSIVE_120', 'Phác đồ Chuyên sâu (120 ngày)', 'Chương Trình 120 Ngày Dựa Trên Bằng Chứng Khoa Học. Cai nghiện dopamine toàn diện từ internet, khôi phục khả năng kiểm soát xung động.', 'USER_SELECT', 'BASIC', 120, '{"severity":0.5,"motivation":0.1,"adherenceRisk":0.2,"lifestyleConstraint":0.2}', TRUE, NOW(), NOW());

INSERT INTO program_phases (id, protocol_id, phase_number, label, range_text, icon, focus, science) VALUES (1, 1, 1, 'Thanh Lọc & Nhận Diện', 'Ngày 1–21', '🧠', 'Nhận diện thói quen sử dụng, đo baseline và xây dựng các ranh giới cơ bản.', 'Upregulation of dopamine receptors (Nestler, 2004).');

INSERT INTO program_weeks (id, protocol_id, week_number, phase_id, label, range_text, description) VALUES (1, 1, 1, 1, 'NHẬN DIỆN & BASELINE', 'NGÀY 1–7', NULL);
INSERT INTO program_days (id, protocol_id, day_number, week_id, label) VALUES (1, 1, 1, 1, 'Đánh giá & Đặt mục tiêu');
INSERT INTO program_days (id, protocol_id, day_number, week_id, label) VALUES (2, 1, 2, 1, 'Nhận diện trigger');
INSERT INTO program_days (id, protocol_id, day_number, week_id, label) VALUES (3, 1, 3, 1, 'Bắt đầu giảm nhẹ');
INSERT INTO program_days (id, protocol_id, day_number, week_id, label) VALUES (4, 1, 4, 1, 'Vùng phone-free đầu tiên');
INSERT INTO program_days (id, protocol_id, day_number, week_id, label) VALUES (5, 1, 5, 1, 'Tăng cường hoạt động thay thế');
INSERT INTO program_days (id, protocol_id, day_number, week_id, label) VALUES (6, 1, 6, 1, 'Tắt thông báo không thiết yếu');
INSERT INTO program_days (id, protocol_id, day_number, week_id, label) VALUES (7, 1, 7, 1, 'Tổng kết tuần 1');
INSERT INTO program_weeks (id, protocol_id, week_number, phase_id, label, range_text, description) VALUES (2, 1, 2, 1, 'XÂY THÓI QUEN THAY THẾ', 'NGÀY 8–14', NULL);
INSERT INTO program_days (id, protocol_id, day_number, week_id, label) VALUES (8, 1, 8, 2, 'Delayed gratification');
INSERT INTO program_days (id, protocol_id, day_number, week_id, label) VALUES (9, 1, 9, 2, 'Kết nối thực');
INSERT INTO program_days (id, protocol_id, day_number, week_id, label) VALUES (10, 1, 10, 2, 'Buổi sáng không màn hình');
INSERT INTO program_days (id, protocol_id, day_number, week_id, label) VALUES (11, 1, 11, 2, 'Nhận biết cảm xúc trigger');
INSERT INTO program_days (id, protocol_id, day_number, week_id, label) VALUES (12, 1, 12, 2, 'Vận động & tự nhiên');
INSERT INTO program_days (id, protocol_id, day_number, week_id, label) VALUES (13, 1, 13, 2, 'Chịu đựng sự nhàm chán');
INSERT INTO program_days (id, protocol_id, day_number, week_id, label) VALUES (14, 1, 14, 2, 'Tổng kết tuần 2 & điều chỉnh');
INSERT INTO program_weeks (id, protocol_id, week_number, phase_id, label, range_text, description) VALUES (3, 1, 3, 1, 'INTERNALIZING & CAM KẾT', 'NGÀY 15–21', NULL);
INSERT INTO program_days (id, protocol_id, day_number, week_id, label) VALUES (15, 1, 15, 3, 'Tập trung sâu');
INSERT INTO program_days (id, protocol_id, day_number, week_id, label) VALUES (16, 1, 16, 3, 'Xây dựng identity mới');
INSERT INTO program_days (id, protocol_id, day_number, week_id, label) VALUES (17, 1, 17, 3, 'Quản lý FOMO (Fear of Missing Out)');
INSERT INTO program_days (id, protocol_id, day_number, week_id, label) VALUES (18, 1, 18, 3, 'Ngủ không màn hình');
INSERT INTO program_days (id, protocol_id, day_number, week_id, label) VALUES (19, 1, 19, 3, 'Thiết kế ngày có chủ đích');
INSERT INTO program_days (id, protocol_id, day_number, week_id, label) VALUES (20, 1, 20, 3, 'Sở thích offline phát triển');
INSERT INTO program_days (id, protocol_id, day_number, week_id, label) VALUES (21, 1, 21, 3, 'Celebration & Cam kết dài hạn');

INSERT INTO program_phases (id, protocol_id, phase_number, label, range_text, icon, focus, science) VALUES (2, 2, 1, 'Thanh Lọc & Nhận Diện', 'Ngày 1–21', '🧠', 'Nhận diện thói quen, giảm nhẹ screen time và xây thói quen thay thế.', 'Impulse control and prefrontal cortex recovery.');
INSERT INTO program_phases (id, protocol_id, phase_number, label, range_text, icon, focus, science) VALUES (3, 2, 2, 'Củng Cố & Tích Hợp', 'Ngày 22–42', '⚡', 'Deep work, rèn luyện sự kiên trì cảm xúc và ranh giới số.', 'Habit loop (Duhigg, 2012) & Mindfulness-based Relapse Prevention.');
INSERT INTO program_phases (id, protocol_id, phase_number, label, range_text, icon, focus, science) VALUES (4, 2, 3, 'Tổng Kết & Cam Kết', 'Ngày 43–45', '🏆', 'Đánh giá kết quả, cam kết duy trì lâu dài.', 'Relapse prevention theory (Marlatt).');

INSERT INTO program_weeks (id, protocol_id, week_number, phase_id, label, range_text, description) VALUES (4, 2, 1, 2, 'Nhận Diện & Baseline', 'Ngày 1–7', NULL);
INSERT INTO program_days (id, protocol_id, day_number, week_id, label) VALUES (22, 2, 1, 4, 'Đánh giá baseline & nhận diện vấn đề');
INSERT INTO program_days (id, protocol_id, day_number, week_id, label) VALUES (23, 2, 2, 4, 'Nhận diện trigger & vùng nguy hiểm');
INSERT INTO program_days (id, protocol_id, day_number, week_id, label) VALUES (24, 2, 3, 4, 'Giảm dần & thay thế thói quen');
INSERT INTO program_days (id, protocol_id, day_number, week_id, label) VALUES (25, 2, 4, 4, 'Quản lý cảm giác khó chịu nhẹ');
INSERT INTO program_days (id, protocol_id, day_number, week_id, label) VALUES (26, 2, 5, 4, 'Xây vùng đệm buổi sáng');
INSERT INTO program_days (id, protocol_id, day_number, week_id, label) VALUES (27, 2, 6, 4, 'Điều chỉnh thông báo & môi trường');
INSERT INTO program_days (id, protocol_id, day_number, week_id, label) VALUES (28, 2, 7, 4, 'Tổng kết tuần 1 & điều chỉnh');
INSERT INTO program_weeks (id, protocol_id, week_number, phase_id, label, range_text, description) VALUES (5, 2, 2, 2, 'Xây Dựng Giới Hạn & Thói Quen Thay Thế', 'Ngày 8–14', NULL);
INSERT INTO program_days (id, protocol_id, day_number, week_id, label) VALUES (29, 2, 8, 5, 'Delayed gratification nhẹ');
INSERT INTO program_days (id, protocol_id, day_number, week_id, label) VALUES (30, 2, 9, 5, 'Tăng cường kết nối thực');
INSERT INTO program_days (id, protocol_id, day_number, week_id, label) VALUES (31, 2, 10, 5, 'Tập trung sâu');
INSERT INTO program_days (id, protocol_id, day_number, week_id, label) VALUES (32, 2, 11, 5, 'Nhận thức cảm xúc nền tảng');
INSERT INTO program_days (id, protocol_id, day_number, week_id, label) VALUES (33, 2, 12, 5, 'Thiên nhiên & vận động nhẹ');
INSERT INTO program_days (id, protocol_id, day_number, week_id, label) VALUES (34, 2, 13, 5, 'Kỹ năng chịu đựng sự nhàm chán');
INSERT INTO program_days (id, protocol_id, day_number, week_id, label) VALUES (35, 2, 14, 5, 'Tổng kết tuần 2 & điều chỉnh');
INSERT INTO program_weeks (id, protocol_id, week_number, phase_id, label, range_text, description) VALUES (6, 2, 3, 2, 'Internalizing & Phòng Ngừa Sớm', 'Ngày 15–21', NULL);
INSERT INTO program_days (id, protocol_id, day_number, week_id, label) VALUES (36, 2, 15, 6, 'Deep work nhẹ');
INSERT INTO program_days (id, protocol_id, day_number, week_id, label) VALUES (37, 2, 16, 6, 'Xây dựng identity mới');
INSERT INTO program_days (id, protocol_id, day_number, week_id, label) VALUES (38, 2, 17, 6, 'Quản lý FOMO');
INSERT INTO program_days (id, protocol_id, day_number, week_id, label) VALUES (39, 2, 18, 6, 'Tập ngủ không màn hình');
INSERT INTO program_days (id, protocol_id, day_number, week_id, label) VALUES (40, 2, 19, 6, 'Kết nối với cơ thể');
INSERT INTO program_days (id, protocol_id, day_number, week_id, label) VALUES (41, 2, 20, 6, 'Xử lý cảm xúc tiêu cực lành mạnh');
INSERT INTO program_days (id, protocol_id, day_number, week_id, label) VALUES (42, 2, 21, 6, 'Tổng kết Giai đoạn 1');
INSERT INTO program_weeks (id, protocol_id, week_number, phase_id, label, range_text, description) VALUES (7, 2, 4, 3, 'Ngày 22–28', 'Ngày 22–28', NULL);
INSERT INTO program_weeks (id, protocol_id, week_number, phase_id, label, range_text, description) VALUES (8, 2, 5, 3, 'Ngày 29–35', 'Ngày 29–35', NULL);
INSERT INTO program_weeks (id, protocol_id, week_number, phase_id, label, range_text, description) VALUES (9, 2, 6, 3, 'Ngày 36–42', 'Ngày 36–42', NULL);
INSERT INTO program_days (id, protocol_id, day_number, week_id, label) VALUES (43, 2, 43, 9, 'Đánh giá toàn diện 45 ngày');
INSERT INTO program_days (id, protocol_id, day_number, week_id, label) VALUES (44, 2, 44, 9, 'Thiết kế hệ thống duy trì');
INSERT INTO program_days (id, protocol_id, day_number, week_id, label) VALUES (45, 2, 45, 9, 'Celebration & Cam kết dài hạn');

INSERT INTO program_phases (id, protocol_id, phase_number, label, range_text, icon, focus, science) VALUES (5, 3, 1, 'Thanh Lọc & Nhận Thức', 'Ngày 1–30', '🧠', 'Thanh lọc sâu, baseline, kiểm soát môi trường.', 'Dopamine receptor upregulation & Stimulus control.');
INSERT INTO program_phases (id, protocol_id, phase_number, label, range_text, icon, focus, science) VALUES (6, 3, 2, 'Củng Cố Nền Tảng', 'Ngày 31–60', '⚡', 'Deep work, củng cố cảm xúc, kết nối xã hội thực.', 'Habit formation 66 days & Neuroplasticity.');
INSERT INTO program_phases (id, protocol_id, phase_number, label, range_text, icon, focus, science) VALUES (7, 3, 3, 'Tích Hợp Cuộc Sống', 'Ngày 61–90', '🏆', 'Identity mới, tối ưu hóa thể chất và sáng tạo.', 'Self-Determination Theory & ACT.');

INSERT INTO program_weeks (id, protocol_id, week_number, phase_id, label, range_text, description) VALUES (10, 3, 1, 5, 'Detox & Nhận Thức', 'Ngày 1–7', NULL);
INSERT INTO program_days (id, protocol_id, day_number, week_id, label) VALUES (46, 3, 1, 10, 'Đánh giá baseline & lập quy tắc');
INSERT INTO program_days (id, protocol_id, day_number, week_id, label) VALUES (47, 3, 2, 10, 'Nhận diện trigger & vùng nguy hiểm');
INSERT INTO program_days (id, protocol_id, day_number, week_id, label) VALUES (48, 3, 3, 10, '72h Dopamine Reset bắt đầu');
INSERT INTO program_days (id, protocol_id, day_number, week_id, label) VALUES (49, 3, 4, 10, 'Quản lý withdrawal symptoms');
INSERT INTO program_days (id, protocol_id, day_number, week_id, label) VALUES (50, 3, 5, 10, 'Xây dựng vùng đệm chống trigger');
INSERT INTO program_days (id, protocol_id, day_number, week_id, label) VALUES (51, 3, 6, 10, 'Điều chỉnh môi trường sâu hơn');
INSERT INTO program_days (id, protocol_id, day_number, week_id, label) VALUES (52, 3, 7, 10, 'Tổng kết tuần 1 & điều chỉnh chiến lược');
INSERT INTO program_weeks (id, protocol_id, week_number, phase_id, label, range_text, description) VALUES (11, 3, 2, 5, 'Tái Cân Bằng Thần Kinh', 'Ngày 8–14', NULL);
INSERT INTO program_days (id, protocol_id, day_number, week_id, label) VALUES (53, 3, 8, 11, 'Delayed gratification training');
INSERT INTO program_days (id, protocol_id, day_number, week_id, label) VALUES (54, 3, 9, 11, 'Tăng cường kết nối thực');
INSERT INTO program_days (id, protocol_id, day_number, week_id, label) VALUES (55, 3, 10, 11, 'Flow state training');
INSERT INTO program_days (id, protocol_id, day_number, week_id, label) VALUES (56, 3, 11, 11, 'Nhận thức cảm xúc nền tảng');
INSERT INTO program_days (id, protocol_id, day_number, week_id, label) VALUES (57, 3, 12, 11, 'Thiên nhiên & dopamine tự nhiên');
INSERT INTO program_days (id, protocol_id, day_number, week_id, label) VALUES (58, 3, 13, 11, 'Kỹ năng chịu đựng sự nhàm chán');
INSERT INTO program_days (id, protocol_id, day_number, week_id, label) VALUES (59, 3, 14, 11, 'Tổng kết tuần 2 & điều chỉnh');
INSERT INTO program_weeks (id, protocol_id, week_number, phase_id, label, range_text, description) VALUES (12, 3, 3, 5, 'Habit Formation', 'Ngày 15–21', NULL);
INSERT INTO program_days (id, protocol_id, day_number, week_id, label) VALUES (60, 3, 15, 12, 'Deep work intensive');
INSERT INTO program_days (id, protocol_id, day_number, week_id, label) VALUES (61, 3, 16, 12, 'Xây dựng identity mới');
INSERT INTO program_days (id, protocol_id, day_number, week_id, label) VALUES (62, 3, 17, 12, 'Quản lý FOMO');
INSERT INTO program_days (id, protocol_id, day_number, week_id, label) VALUES (63, 3, 18, 12, 'Tập ngủ không màn hình');
INSERT INTO program_days (id, protocol_id, day_number, week_id, label) VALUES (64, 3, 19, 12, 'Kết nối với cơ thể');
INSERT INTO program_days (id, protocol_id, day_number, week_id, label) VALUES (65, 3, 20, 12, 'Xử lý cảm xúc tiêu cực lành mạnh');
INSERT INTO program_days (id, protocol_id, day_number, week_id, label) VALUES (66, 3, 21, 12, 'Milestone 21 ngày');
INSERT INTO program_weeks (id, protocol_id, week_number, phase_id, label, range_text, description) VALUES (13, 3, 4, 5, 'Consolidation & Phòng Tái Nghiện', 'Ngày 22–30', NULL);
INSERT INTO program_days (id, protocol_id, day_number, week_id, label) VALUES (67, 3, 22, 13, 'Relationship lành mạnh với internet');
INSERT INTO program_days (id, protocol_id, day_number, week_id, label) VALUES (68, 3, 23, 13, 'Stress management không có internet');
INSERT INTO program_days (id, protocol_id, day_number, week_id, label) VALUES (69, 3, 24, 13, 'Xây dựng routine dài hạn');
INSERT INTO program_days (id, protocol_id, day_number, week_id, label) VALUES (70, 3, 25, 13, 'Relapse prevention');
INSERT INTO program_days (id, protocol_id, day_number, week_id, label) VALUES (71, 3, 26, 13, 'Sáng tạo offline');
INSERT INTO program_days (id, protocol_id, day_number, week_id, label) VALUES (72, 3, 27, 13, 'Contribution & kết nối ý nghĩa');
INSERT INTO program_days (id, protocol_id, day_number, week_id, label) VALUES (73, 3, 28, 13, 'Nhìn lại hành trình & tích hợp');
INSERT INTO program_days (id, protocol_id, day_number, week_id, label) VALUES (74, 3, 29, 13, 'Personal Digital Charter');
INSERT INTO program_days (id, protocol_id, day_number, week_id, label) VALUES (75, 3, 30, 13, 'Ngày 30');
INSERT INTO program_weeks (id, protocol_id, week_number, phase_id, label, range_text, description) VALUES (14, 3, 5, 6, 'Ngày 31–37', 'Ngày 31–37', NULL);
INSERT INTO program_weeks (id, protocol_id, week_number, phase_id, label, range_text, description) VALUES (15, 3, 6, 6, 'Ngày 38–44', 'Ngày 38–44', NULL);
INSERT INTO program_weeks (id, protocol_id, week_number, phase_id, label, range_text, description) VALUES (16, 3, 7, 6, 'Ngày 45–51', 'Ngày 45–51', NULL);
INSERT INTO program_weeks (id, protocol_id, week_number, phase_id, label, range_text, description) VALUES (17, 3, 8, 6, 'Ngày 52–60', 'Ngày 52–60', NULL);
INSERT INTO program_weeks (id, protocol_id, week_number, phase_id, label, range_text, description) VALUES (18, 3, 9, 7, 'Ngày 61–67', 'Ngày 61–67', NULL);
INSERT INTO program_weeks (id, protocol_id, week_number, phase_id, label, range_text, description) VALUES (19, 3, 10, 7, 'Ngày 68–74', 'Ngày 68–74', NULL);
INSERT INTO program_weeks (id, protocol_id, week_number, phase_id, label, range_text, description) VALUES (20, 3, 11, 7, 'Ngày 75–81', 'Ngày 75–81', NULL);
INSERT INTO program_weeks (id, protocol_id, week_number, phase_id, label, range_text, description) VALUES (21, 3, 12, 7, 'Ngày 82–90', 'Ngày 82–90', NULL);

INSERT INTO program_phases (id, protocol_id, phase_number, label, range_text, icon, focus, science) VALUES (8, 4, 1, 'Thanh Lọc & Nhận Thức', 'Ngày 1–30', '🧠', 'Ngắt kết nối, đo baseline, kiểm soát kích thích và thiết lập ranh giới môi trường.', 'Tăng nhạy cảm thụ thể Dopamine (Nestler, 2004); Kiểm soát kích thích (Koob & Volkow, 2016).');
INSERT INTO program_phases (id, protocol_id, phase_number, label, range_text, icon, focus, science) VALUES (9, 4, 2, 'Củng Cố Nền Tảng', 'Ngày 31–60', '⚡', 'Xây dựng thói quen thay thế, nâng cao khả năng chống chịu cảm xúc khó chịu và tái thiết lập quan hệ xã hội.', 'Habit formation (Lally et al., 2010); Củng cố hành vi dựa trên chánh niệm (Garland et al., 2017).');
INSERT INTO program_phases (id, protocol_id, phase_number, label, range_text, icon, focus, science) VALUES (10, 4, 3, 'Tích Hợp Vào Cuộc Sống', 'Ngày 61–90', '🌱', 'Phát triển bản sắc mới, ứng dụng sáng tạo ngoại tuyến và tối ưu hóa sức khỏe thể chất.', 'Lý thuyết Tự quyết (Deci & Ryan, 2000); Củng cố Identity-based habit (Clear, 2018).');
INSERT INTO program_phases (id, protocol_id, phase_number, label, range_text, icon, focus, science) VALUES (11, 4, 4, 'Làm Chủ Hoàn Toàn', 'Ngày 91–120', '🏆', 'Thiết lập lối sống digital minimalism dài hạn, đóng góp giá trị cộng đồng và làm chủ dopamine baseline.', 'Digital Minimalism (Newport, 2019); Mô hình PERMA (Seligman, 2011).');

INSERT INTO program_weeks (id, protocol_id, week_number, phase_id, label, range_text, description) VALUES (22, 4, 1, 8, 'Detox \& Nhận Thức', 'Ngày 1–7)**', NULL);
INSERT INTO program_weeks (id, protocol_id, week_number, phase_id, label, range_text, description) VALUES (23, 4, 2, 8, 'Tái Cân Bằng Thần Kinh', 'Ngày 8–14)**', NULL);
INSERT INTO program_weeks (id, protocol_id, week_number, phase_id, label, range_text, description) VALUES (24, 4, 3, 8, 'Habit Formation', 'Ngày 15–21)**', NULL);
INSERT INTO program_weeks (id, protocol_id, week_number, phase_id, label, range_text, description) VALUES (25, 4, 4, 8, 'Consolidation \& Phòng Tái Nghiện', 'Ngày 22–30)**', NULL);
INSERT INTO program_weeks (id, protocol_id, week_number, phase_id, label, range_text, description) VALUES (26, 4, 5, 9, 'Ngày 31–37**', 'Ngày 31–37**', NULL);
INSERT INTO program_weeks (id, protocol_id, week_number, phase_id, label, range_text, description) VALUES (27, 4, 6, 9, 'Ngày 38–44**', 'Ngày 38–44**', NULL);
INSERT INTO program_weeks (id, protocol_id, week_number, phase_id, label, range_text, description) VALUES (28, 4, 7, 9, 'Ngày 45–51**', 'Ngày 45–51**', NULL);
INSERT INTO program_weeks (id, protocol_id, week_number, phase_id, label, range_text, description) VALUES (29, 4, 8, 9, 'Ngày 52–60**', 'Ngày 52–60**', NULL);
INSERT INTO program_weeks (id, protocol_id, week_number, phase_id, label, range_text, description) VALUES (30, 4, 9, 10, 'Ngày 61–67**', 'Ngày 61–67**', NULL);
INSERT INTO program_weeks (id, protocol_id, week_number, phase_id, label, range_text, description) VALUES (31, 4, 10, 10, 'Ngày 68–74**', 'Ngày 68–74**', NULL);
INSERT INTO program_weeks (id, protocol_id, week_number, phase_id, label, range_text, description) VALUES (32, 4, 11, 10, 'Ngày 75–81**', 'Ngày 75–81**', NULL);
INSERT INTO program_weeks (id, protocol_id, week_number, phase_id, label, range_text, description) VALUES (33, 4, 12, 10, 'Ngày 82–90**', 'Ngày 82–90**', NULL);
INSERT INTO program_weeks (id, protocol_id, week_number, phase_id, label, range_text, description) VALUES (34, 4, 13, 11, 'Ngày 91–97**', 'Ngày 91–97**', NULL);
INSERT INTO program_weeks (id, protocol_id, week_number, phase_id, label, range_text, description) VALUES (35, 4, 14, 11, 'Ngày 98–104**', 'Ngày 98–104**', NULL);
INSERT INTO program_weeks (id, protocol_id, week_number, phase_id, label, range_text, description) VALUES (36, 4, 15, 11, 'Ngày 105–111**', 'Ngày 105–111**', NULL);
INSERT INTO program_weeks (id, protocol_id, week_number, phase_id, label, range_text, description) VALUES (37, 4, 16, 11, 'Ngày 112–120**', 'Ngày 112–120**', NULL);

