-- USE `exe_db`;
USE `dopaless_db`;

DELETE FROM `program_tasks_metadata`;
DELETE FROM `program_metrics_metadata`;
DELETE FROM `program_days`;
DELETE FROM `program_weeks`;
DELETE FROM `program_phases`;

INSERT INTO program_phases (phase_number, label, range_text, icon, focus, science) VALUES (1, 'Thanh Lọc & Nhận Thức', 'Ngày 1–30', '🧠', 'Ngắt kết nối, đo lường chỉ số nền (baseline), kiểm soát kích thích và thiết lập ranh giới môi trường.', 'Tăng nhạy cảm thụ thể Dopamine (Nestler, 2004); Kiểm soát kích thích (Koob & Volkow, 2016).');
INSERT INTO program_weeks (week_number, phase_number, label, range_text, description) VALUES (1, 1, 'Thanh Lọc & Nhận Thức', 'Ngày 1–7', NULL);
INSERT INTO program_days (day_number, week_number, label) VALUES (1, 1, 'Đánh giá chỉ số nền & lập quy tắc');
INSERT INTO program_tasks_metadata (phase_number, week_number, day_number, task_index, title) VALUES (1, 1, 1, 0, 'Dùng Sức khỏe kỹ thuật số/Thời gian sử dụng màn hình ghi lại thời gian dùng mạng xã hội 7 ngày qua.');
INSERT INTO program_tasks_metadata (phase_number, week_number, day_number, task_index, title) VALUES (1, 1, 1, 1, 'Viết nhật ký: liệt kê 5 yếu tố kích hoạt khiến bạn mở điện thoại vô thức.');
INSERT INTO program_tasks_metadata (phase_number, week_number, day_number, task_index, title) VALUES (1, 1, 1, 2, 'Cài app chặn (Freedom/AppBlock) cho 3 app dễ gây xao nhãng nhất, giới hạn 2h/ngày.');
INSERT INTO program_tasks_metadata (phase_number, week_number, day_number, task_index, title) VALUES (1, 1, 1, 3, 'Khai báo 1 người thân/bạn bè về cam kết của bạn (người đồng hành cùng mục tiêu).');
INSERT INTO program_metrics_metadata (phase_number, week_number, day_number, metric_name) VALUES (1, 1, 1, 'Thời gian màn hình (chỉ số nền)');
INSERT INTO program_metrics_metadata (phase_number, week_number, day_number, metric_name) VALUES (1, 1, 1, 'Số lần mở điện thoại vô thức');
INSERT INTO program_metrics_metadata (phase_number, week_number, day_number, metric_name) VALUES (1, 1, 1, 'Mức độ thôi thúc (1-10)');
INSERT INTO program_metrics_metadata (phase_number, week_number, day_number, metric_name) VALUES (1, 1, 1, 'Giờ ngủ (>= 7h)');
INSERT INTO program_days (day_number, week_number, label) VALUES (2, 1, 'Nhận diện yếu tố kích hoạt & vùng nguy hiểm');
INSERT INTO program_tasks_metadata (phase_number, week_number, day_number, task_index, title) VALUES (1, 1, 2, 0, 'Vẽ "bản đồ kích hoạt": buồn chán → điện thoại → lướt mạng → cảm giác thỏa mãn nhất thời → lại buồn chán.');
INSERT INTO program_tasks_metadata (phase_number, week_number, day_number, task_index, title) VALUES (1, 1, 2, 1, 'Xác định 3 "vùng nguy hiểm" (giường, toilet, bàn ăn) và lập quy tắc không điện thoại tại các vùng này.');
INSERT INTO program_tasks_metadata (phase_number, week_number, day_number, task_index, title) VALUES (1, 1, 2, 2, '30 phút đi bộ không điện thoại — chú ý cảm giác cơ thể (kỹ thuật kết nối thực tại).');
INSERT INTO program_tasks_metadata (phase_number, week_number, day_number, task_index, title) VALUES (1, 1, 2, 3, 'Đặt điện thoại ra ngoài phòng ngủ khi đi ngủ.');
INSERT INTO program_metrics_metadata (phase_number, week_number, day_number, metric_name) VALUES (1, 1, 2, 'Số yếu tố kích hoạt nhận ra (>= 3)');
INSERT INTO program_metrics_metadata (phase_number, week_number, day_number, metric_name) VALUES (1, 1, 2, 'Thời gian màn hình (< chỉ số nền)');
INSERT INTO program_metrics_metadata (phase_number, week_number, day_number, metric_name) VALUES (1, 1, 2, 'Cảm xúc tổng thể (1-10)');
INSERT INTO program_metrics_metadata (phase_number, week_number, day_number, metric_name) VALUES (1, 1, 2, 'Phút đi bộ (>= 30)');
INSERT INTO program_days (day_number, week_number, label) VALUES (3, 1, 'Bắt đầu 72 giờ tái tạo năng lượng tự nhiên');
INSERT INTO program_tasks_metadata (phase_number, week_number, day_number, task_index, title) VALUES (1, 1, 3, 0, 'Cắt giảm 50% thời gian mạng xã hội so với chỉ số nền.');
INSERT INTO program_tasks_metadata (phase_number, week_number, day_number, task_index, title) VALUES (1, 1, 3, 1, 'Thực hành 10 phút chánh niệm (thở 4-7-8: hít 4s, giữ 7s, thở ra 8s).');
INSERT INTO program_tasks_metadata (phase_number, week_number, day_number, task_index, title) VALUES (1, 1, 3, 2, 'Bắt đầu 1 hoạt động thực tế (không màn hình): đọc sách giấy, vẽ, nấu ăn — ít nhất 20 phút.');
INSERT INTO program_tasks_metadata (phase_number, week_number, day_number, task_index, title) VALUES (1, 1, 3, 3, 'Nhật ký tối: 3 điều bạn để ý hôm nay mà không qua màn hình.');
INSERT INTO program_metrics_metadata (phase_number, week_number, day_number, metric_name) VALUES (1, 1, 3, 'Thời gian màn hình (50% chỉ số nền)');
INSERT INTO program_metrics_metadata (phase_number, week_number, day_number, metric_name) VALUES (1, 1, 3, 'Phút chánh niệm (>= 10)');
INSERT INTO program_metrics_metadata (phase_number, week_number, day_number, metric_name) VALUES (1, 1, 3, 'Phút hoạt động thực tế (>= 20)');
INSERT INTO program_metrics_metadata (phase_number, week_number, day_number, metric_name) VALUES (1, 1, 3, 'Mức lo lắng (1-10)');
INSERT INTO program_days (day_number, week_number, label) VALUES (4, 1, 'Kiểm soát cảm giác khó chịu ban đầu');
INSERT INTO program_tasks_metadata (phase_number, week_number, day_number, task_index, title) VALUES (1, 1, 4, 0, 'Tập thể dục 20–30 phút — tăng dưỡng chất thần kinh BDNF và năng lượng tích cực tự nhiên.');
INSERT INTO program_tasks_metadata (phase_number, week_number, day_number, task_index, title) VALUES (1, 1, 4, 1, 'Ghi lại 3 lần bạn vượt qua được yếu tố kích hoạt hôm nay — dù nhỏ cũng ghi.');
INSERT INTO program_tasks_metadata (phase_number, week_number, day_number, task_index, title) VALUES (1, 1, 4, 2, 'Gọi điện (không nhắn tin) cho 1 người bạn/thân nhân — kết nối xã hội thực tế.');
INSERT INTO program_tasks_metadata (phase_number, week_number, day_number, task_index, title) VALUES (1, 1, 4, 3, 'Giới hạn kiểm tra email/tin tức: chỉ 2 lần/ngày, mỗi lần ≤ 10 phút.');
INSERT INTO program_metrics_metadata (phase_number, week_number, day_number, metric_name) VALUES (1, 1, 4, 'Phút tập thể dục (>= 20)');
INSERT INTO program_metrics_metadata (phase_number, week_number, day_number, metric_name) VALUES (1, 1, 4, 'Số lần vượt qua yếu tố kích hoạt (>= 3)');
INSERT INTO program_metrics_metadata (phase_number, week_number, day_number, metric_name) VALUES (1, 1, 4, 'Thời gian màn hình (< ngày 3)');
INSERT INTO program_metrics_metadata (phase_number, week_number, day_number, metric_name) VALUES (1, 1, 4, 'Năng lượng (1-10)');
INSERT INTO program_days (day_number, week_number, label) VALUES (5, 1, 'Xây dựng vùng đệm tránh yếu tố kích hoạt');
INSERT INTO program_tasks_metadata (phase_number, week_number, day_number, task_index, title) VALUES (1, 1, 5, 0, 'Nghi thức buổi sáng không màn hình 30 phút đầu sau khi thức dậy.');
INSERT INTO program_tasks_metadata (phase_number, week_number, day_number, task_index, title) VALUES (1, 1, 5, 1, 'Dọn dẹp màn hình chính: ẩn các ứng dụng mạng xã hội khỏi màn hình chính.');
INSERT INTO program_tasks_metadata (phase_number, week_number, day_number, task_index, title) VALUES (1, 1, 5, 2, 'Kiểm soát thôi thúc (Urge surfing): khi cảm thấy thôi thúc lướt điện thoại, đếm ngược 10 giây, thở sâu, rồi quyết định.');
INSERT INTO program_tasks_metadata (phase_number, week_number, day_number, task_index, title) VALUES (1, 1, 5, 3, 'Xác định 1 sở thích mới muốn phát triển trong 30 ngày này.');
INSERT INTO program_metrics_metadata (phase_number, week_number, day_number, metric_name) VALUES (1, 1, 5, 'Phút không điện thoại buổi sáng (>= 30)');
INSERT INTO program_metrics_metadata (phase_number, week_number, day_number, metric_name) VALUES (1, 1, 5, 'Số lần kiểm soát thôi thúc');
INSERT INTO program_metrics_metadata (phase_number, week_number, day_number, metric_name) VALUES (1, 1, 5, 'Thời gian màn hình (< ngày 4)');
INSERT INTO program_metrics_metadata (phase_number, week_number, day_number, metric_name) VALUES (1, 1, 5, 'Hài lòng về ngày (1-10)');
INSERT INTO program_days (day_number, week_number, label) VALUES (6, 1, 'Điều chỉnh môi trường sâu hơn');
INSERT INTO program_tasks_metadata (phase_number, week_number, day_number, task_index, title) VALUES (1, 1, 6, 0, 'Tắt tất cả thông báo không thiết yếu (chỉ giữ cuộc gọi và tin nhắn quan trọng).');
INSERT INTO program_tasks_metadata (phase_number, week_number, day_number, task_index, title) VALUES (1, 1, 6, 1, 'Dành 45 phút cho sở thích mới đã chọn ngày 5 — không gián đoạn.');
INSERT INTO program_tasks_metadata (phase_number, week_number, day_number, task_index, title) VALUES (1, 1, 6, 2, 'Đánh giá: so sánh thời gian sử dụng màn hình hôm nay với ngày 1.');
INSERT INTO program_tasks_metadata (phase_number, week_number, day_number, task_index, title) VALUES (1, 1, 6, 3, 'Viết về 1 kỷ niệm đẹp không liên quan đến internet — khơi lại ký ức thực tế.');
INSERT INTO program_metrics_metadata (phase_number, week_number, day_number, metric_name) VALUES (1, 1, 6, 'Thông báo còn bật (<= 5 loại)');
INSERT INTO program_metrics_metadata (phase_number, week_number, day_number, metric_name) VALUES (1, 1, 6, 'Phút tập trung sâu vào sở thích (>= 45)');
INSERT INTO program_metrics_metadata (phase_number, week_number, day_number, metric_name) VALUES (1, 1, 6, '% giảm thời gian màn hình (>= 30%)');
INSERT INTO program_metrics_metadata (phase_number, week_number, day_number, metric_name) VALUES (1, 1, 6, 'Tâm trạng (1-10)');
INSERT INTO program_days (day_number, week_number, label) VALUES (7, 1, 'Tổng kết tuần 1 & điều chỉnh chiến lược');
INSERT INTO program_tasks_metadata (phase_number, week_number, day_number, task_index, title) VALUES (1, 1, 7, 0, 'Đánh giá 7 chỉ số: thời gian màn hình, giấc ngủ, tâm trạng, mức thôi thúc, thể dục, thời gian thực tế, kết nối xã hội.');
INSERT INTO program_tasks_metadata (phase_number, week_number, day_number, task_index, title) VALUES (1, 1, 7, 1, 'Viết 3 điều học được về bản thân từ tuần này.');
INSERT INTO program_tasks_metadata (phase_number, week_number, day_number, task_index, title) VALUES (1, 1, 7, 2, 'Xác định điểm yếu nhất và lập kế hoạch cụ thể cho tuần 2.');
INSERT INTO program_tasks_metadata (phase_number, week_number, day_number, task_index, title) VALUES (1, 1, 7, 3, 'Phần thưởng không liên quan đến màn hình: massage, ăn ngon, mua sách.');
INSERT INTO program_metrics_metadata (phase_number, week_number, day_number, metric_name) VALUES (1, 1, 7, 'Thời gian màn hình TB (< 50% chỉ số nền)');
INSERT INTO program_metrics_metadata (phase_number, week_number, day_number, metric_name) VALUES (1, 1, 7, 'Số ngày đạt mục tiêu (>= 5/7)');
INSERT INTO program_metrics_metadata (phase_number, week_number, day_number, metric_name) VALUES (1, 1, 7, 'Tâm trạng trung bình tuần');
INSERT INTO program_metrics_metadata (phase_number, week_number, day_number, metric_name) VALUES (1, 1, 7, 'Kế hoạch tuần 2 (Đã viết?)');
INSERT INTO program_weeks (week_number, phase_number, label, range_text, description) VALUES (2, 1, 'Tái Cân Bằng Thần Kinh', 'Ngày 8–14', NULL);
INSERT INTO program_days (day_number, week_number, label) VALUES (8, 2, 'Rèn luyện trì hoãn sự thỏa mãn');
INSERT INTO program_tasks_metadata (phase_number, week_number, day_number, task_index, title) VALUES (1, 2, 8, 0, 'Quy tắc 20-20-20: muốn kiểm tra điện thoại → đợi 20 phút → nếu vẫn muốn → đợi thêm 20 phút.');
INSERT INTO program_tasks_metadata (phase_number, week_number, day_number, task_index, title) VALUES (1, 2, 8, 1, 'Đọc sách 30 phút/ngày thay cho lướt mạng thụ động.');
INSERT INTO program_tasks_metadata (phase_number, week_number, day_number, task_index, title) VALUES (1, 2, 8, 2, 'Giờ không điện thoại: 8am–10am và 8pm–10pm.');
INSERT INTO program_tasks_metadata (phase_number, week_number, day_number, task_index, title) VALUES (1, 2, 8, 3, 'Viết 1 mục tiêu 3 tháng không liên quan đến mạng xã hội.');
INSERT INTO program_metrics_metadata (phase_number, week_number, day_number, metric_name) VALUES (1, 2, 8, 'Lần trì hoãn thành công');
INSERT INTO program_metrics_metadata (phase_number, week_number, day_number, metric_name) VALUES (1, 2, 8, 'Phút đọc sách (>= 30)');
INSERT INTO program_metrics_metadata (phase_number, week_number, day_number, metric_name) VALUES (1, 2, 8, 'Giờ không điện thoại (>= 4h)');
INSERT INTO program_metrics_metadata (phase_number, week_number, day_number, metric_name) VALUES (1, 2, 8, 'Mức tập trung (1-10)');
INSERT INTO program_days (day_number, week_number, label) VALUES (9, 2, 'Tăng cường kết nối thực tế');
INSERT INTO program_tasks_metadata (phase_number, week_number, day_number, task_index, title) VALUES (1, 2, 9, 0, 'Gặp mặt hoặc gọi điện video với bạn bè — cất điện thoại trong khi gặp.');
INSERT INTO program_tasks_metadata (phase_number, week_number, day_number, task_index, title) VALUES (1, 2, 9, 1, 'Lắng nghe tích cực: 10 phút nói chuyện không nhìn điện thoại.');
INSERT INTO program_tasks_metadata (phase_number, week_number, day_number, task_index, title) VALUES (1, 2, 9, 2, 'Ăn 1 bữa không màn hình trong yên lặng — chú ý mùi vị thức ăn.');
INSERT INTO program_tasks_metadata (phase_number, week_number, day_number, task_index, title) VALUES (1, 2, 9, 3, 'Nhật ký: oxytocin từ kết nối thực tế khác hormone thỏa mãn nhất thời từ mạng xã hội thế nào?');
INSERT INTO program_metrics_metadata (phase_number, week_number, day_number, metric_name) VALUES (1, 2, 9, 'Phút kết nối thực tế (>= 30)');
INSERT INTO program_metrics_metadata (phase_number, week_number, day_number, metric_name) VALUES (1, 2, 9, 'Bữa ăn không màn hình (>= 1)');
INSERT INTO program_metrics_metadata (phase_number, week_number, day_number, metric_name) VALUES (1, 2, 9, 'Chất lượng kết nối');
INSERT INTO program_metrics_metadata (phase_number, week_number, day_number, metric_name) VALUES (1, 2, 9, 'Phân biệt oxytocin vs hormone thỏa mãn');
INSERT INTO program_days (day_number, week_number, label) VALUES (10, 2, 'Rèn luyện trạng thái tập trung sâu');
INSERT INTO program_tasks_metadata (phase_number, week_number, day_number, task_index, title) VALUES (1, 2, 10, 0, '1 nhiệm vụ đòi hỏi tập trung sâu — làm 25 phút không gián đoạn (Pomodoro).');
INSERT INTO program_tasks_metadata (phase_number, week_number, day_number, task_index, title) VALUES (1, 2, 10, 1, 'So sánh cảm giác sau khi tập trung sâu so với sau khi lướt mạng.');
INSERT INTO program_tasks_metadata (phase_number, week_number, day_number, task_index, title) VALUES (1, 2, 10, 2, 'Tắt internet trong giờ làm việc tập trung (sử dụng các app hỗ trợ chặn như Cold Turkey/Freedom).');
INSERT INTO program_tasks_metadata (phase_number, week_number, day_number, task_index, title) VALUES (1, 2, 10, 3, 'Tăng thời gian không điện thoại buổi sáng lên 45 phút.');
INSERT INTO program_metrics_metadata (phase_number, week_number, day_number, metric_name) VALUES (1, 2, 10, 'Số Pomodoro hoàn thành (>= 3)');
INSERT INTO program_metrics_metadata (phase_number, week_number, day_number, metric_name) VALUES (1, 2, 10, 'Chất lượng tập trung');
INSERT INTO program_metrics_metadata (phase_number, week_number, day_number, metric_name) VALUES (1, 2, 10, 'Phút tập trung sâu liên tục');
INSERT INTO program_metrics_metadata (phase_number, week_number, day_number, metric_name) VALUES (1, 2, 10, 'Phút không điện thoại buổi sáng (>= 45)');
INSERT INTO program_days (day_number, week_number, label) VALUES (11, 2, 'Nhận thức cảm xúc nền tảng');
INSERT INTO program_tasks_metadata (phase_number, week_number, day_number, task_index, title) VALUES (1, 2, 11, 0, 'Buổi sáng: viết 3 câu về cảm xúc hiện tại trước khi chạm điện thoại.');
INSERT INTO program_tasks_metadata (phase_number, week_number, day_number, task_index, title) VALUES (1, 2, 11, 1, 'Nhận diện 1 cảm xúc khó chịu bạn hay chạy trốn bằng điện thoại — gọi tên nó.');
INSERT INTO program_tasks_metadata (phase_number, week_number, day_number, task_index, title) VALUES (1, 2, 11, 2, 'Ngồi với cảm xúc đó 5 phút không làm gì — chỉ quan sát.');
INSERT INTO program_tasks_metadata (phase_number, week_number, day_number, task_index, title) VALUES (1, 2, 11, 3, 'Buổi tối: ghi nhận cảm xúc kết thúc ngày mà không cần sự tương tác trên mạng xã hội.');
INSERT INTO program_metrics_metadata (phase_number, week_number, day_number, metric_name) VALUES (1, 2, 11, 'Phút ghi nhật ký cảm xúc (>= 10)');
INSERT INTO program_metrics_metadata (phase_number, week_number, day_number, metric_name) VALUES (1, 2, 11, 'Số cảm xúc nhận diện');
INSERT INTO program_metrics_metadata (phase_number, week_number, day_number, metric_name) VALUES (1, 2, 11, 'Mức độ khó chịu (1-10)');
INSERT INTO program_metrics_metadata (phase_number, week_number, day_number, metric_name) VALUES (1, 2, 11, 'Phút ngồi với cảm xúc khó');
INSERT INTO program_days (day_number, week_number, label) VALUES (12, 2, 'Thiên nhiên & năng lượng tích cực tự nhiên');
INSERT INTO program_tasks_metadata (phase_number, week_number, day_number, task_index, title) VALUES (1, 2, 12, 0, '30 phút hòa mình vào thiên nhiên — không nghe nhạc hay podcast, chỉ quan sát.');
INSERT INTO program_tasks_metadata (phase_number, week_number, day_number, task_index, title) VALUES (1, 2, 12, 1, 'Đi bộ thư giãn (Awe walk): chú ý 3 điều đẹp/thú vị trong môi trường xung quanh.');
INSERT INTO program_tasks_metadata (phase_number, week_number, day_number, task_index, title) VALUES (1, 2, 12, 2, 'Viết về sự khác biệt cảm giác sau khi lướt mạng so với sau khi đi bộ trong thiên nhiên.');
INSERT INTO program_tasks_metadata (phase_number, week_number, day_number, task_index, title) VALUES (1, 2, 12, 3, 'Chụp ảnh bằng máy ảnh chuyên dụng hoặc máy phim nếu có — không dùng điện thoại thông minh.');
INSERT INTO program_metrics_metadata (phase_number, week_number, day_number, metric_name) VALUES (1, 2, 12, 'Phút trong thiên nhiên (>= 30)');
INSERT INTO program_metrics_metadata (phase_number, week_number, day_number, metric_name) VALUES (1, 2, 12, 'Số khoảnh khắc thư thái (>= 3)');
INSERT INTO program_metrics_metadata (phase_number, week_number, day_number, metric_name) VALUES (1, 2, 12, 'Mức phục hồi năng lượng');
INSERT INTO program_metrics_metadata (phase_number, week_number, day_number, metric_name) VALUES (1, 2, 12, 'Thời gian màn hình (< tuần 1 TB)');
INSERT INTO program_days (day_number, week_number, label) VALUES (13, 2, 'Kỹ năng làm quen với sự lắng đọng');
INSERT INTO program_tasks_metadata (phase_number, week_number, day_number, task_index, title) VALUES (1, 2, 13, 0, '15 phút hoàn toàn tĩnh lặng — không điện thoại, không nhạc, không sách.');
INSERT INTO program_tasks_metadata (phase_number, week_number, day_number, task_index, title) VALUES (1, 2, 13, 1, 'Quan sát suy nghĩ nổi lên khi không có kích thích — ghi chép vào sổ tay.');
INSERT INTO program_tasks_metadata (phase_number, week_number, day_number, task_index, title) VALUES (1, 2, 13, 2, 'Thực hành 1 việc đơn giản thủ công: gấp quần áo, rửa bát — chú tâm hoàn toàn.');
INSERT INTO program_tasks_metadata (phase_number, week_number, day_number, task_index, title) VALUES (1, 2, 13, 3, 'Nhận ra: tĩnh lặng không đáng sợ — đó là tín hiệu não bộ đang được nghỉ ngơi.');
INSERT INTO program_metrics_metadata (phase_number, week_number, day_number, metric_name) VALUES (1, 2, 13, 'Phút tĩnh lặng hoàn toàn (>= 15)');
INSERT INTO program_metrics_metadata (phase_number, week_number, day_number, metric_name) VALUES (1, 2, 13, 'Mức lo lắng khi tĩnh lặng');
INSERT INTO program_metrics_metadata (phase_number, week_number, day_number, metric_name) VALUES (1, 2, 13, 'Phút làm việc chú tâm');
INSERT INTO program_metrics_metadata (phase_number, week_number, day_number, metric_name) VALUES (1, 2, 13, 'Suy nghĩ nổi lên');
INSERT INTO program_days (day_number, week_number, label) VALUES (14, 2, 'Tổng kết tuần 2 & điều chỉnh');
INSERT INTO program_tasks_metadata (phase_number, week_number, day_number, task_index, title) VALUES (1, 2, 14, 0, 'So sánh 7 chỉ số: tuần 2 so với tuần 1 — ghi con số cụ thể.');
INSERT INTO program_tasks_metadata (phase_number, week_number, day_number, task_index, title) VALUES (1, 2, 14, 1, 'Viết: khó khăn lớn nhất tuần này là gì? Bạn xử lý như thế nào?');
INSERT INTO program_tasks_metadata (phase_number, week_number, day_number, task_index, title) VALUES (1, 2, 14, 2, 'Xác định 1 chiến lược đã hiệu quả — cam kết tiếp tục áp dụng.');
INSERT INTO program_tasks_metadata (phase_number, week_number, day_number, task_index, title) VALUES (1, 2, 14, 3, 'Gọi điện cho người đồng hành — chia sẻ tiến trình thực tế.');
INSERT INTO program_metrics_metadata (phase_number, week_number, day_number, metric_name) VALUES (1, 2, 14, '% cải thiện thời gian màn hình');
INSERT INTO program_metrics_metadata (phase_number, week_number, day_number, metric_name) VALUES (1, 2, 14, 'Ngày đạt 3/4 mục tiêu');
INSERT INTO program_metrics_metadata (phase_number, week_number, day_number, metric_name) VALUES (1, 2, 14, 'Tâm trạng trung bình tuần 2');
INSERT INTO program_metrics_metadata (phase_number, week_number, day_number, metric_name) VALUES (1, 2, 14, 'Kế hoạch tuần 3 (Đã viết?)');
INSERT INTO program_weeks (week_number, phase_number, label, range_text, description) VALUES (3, 1, 'Hình Thành Thói Quen', 'Ngày 15–21', NULL);
INSERT INTO program_days (day_number, week_number, label) VALUES (15, 3, 'Tập trung sâu cao độ');
INSERT INTO program_tasks_metadata (phase_number, week_number, day_number, task_index, title) VALUES (1, 3, 15, 0, '90 phút làm việc tập trung sâu liên tục dựa theo nhịp sinh học (Ultradian rhythm).');
INSERT INTO program_tasks_metadata (phase_number, week_number, day_number, task_index, title) VALUES (1, 3, 15, 1, 'Ngắt kết nối internet hoàn toàn trong khoảng thời gian này — dùng các công cụ offline.');
INSERT INTO program_tasks_metadata (phase_number, week_number, day_number, task_index, title) VALUES (1, 3, 15, 2, 'Sau khi tập trung sâu: ghi nhận cảm giác hoàn thành — đây là nguồn năng lượng lành mạnh bền vững.');
INSERT INTO program_tasks_metadata (phase_number, week_number, day_number, task_index, title) VALUES (1, 3, 15, 3, 'Thiết kế thời gian biểu tuần: khi nào online có mục đích, khi nào offline hoàn toàn.');
INSERT INTO program_metrics_metadata (phase_number, week_number, day_number, metric_name) VALUES (1, 3, 15, 'Phút tập trung sâu (>= 90)');
INSERT INTO program_metrics_metadata (phase_number, week_number, day_number, metric_name) VALUES (1, 3, 15, 'Số lần bị gián đoạn (<= 2)');
INSERT INTO program_metrics_metadata (phase_number, week_number, day_number, metric_name) VALUES (1, 3, 15, 'Mức độ hoàn thành');
INSERT INTO program_metrics_metadata (phase_number, week_number, day_number, metric_name) VALUES (1, 3, 15, 'Giờ online có mục đích');
INSERT INTO program_days (day_number, week_number, label) VALUES (16, 3, 'Xây dựng bản sắc mới');
INSERT INTO program_tasks_metadata (phase_number, week_number, day_number, task_index, title) VALUES (1, 3, 16, 0, 'Viết "Tôi là người..." — 5 câu mô tả bản thân không liên quan đến môi trường internet.');
INSERT INTO program_tasks_metadata (phase_number, week_number, day_number, task_index, title) VALUES (1, 3, 16, 1, 'Thực hành 1 kỹ năng mới hoàn toàn offline: chơi nhạc cụ, nấu ăn, vẽ, làm thủ công.');
INSERT INTO program_tasks_metadata (phase_number, week_number, day_number, task_index, title) VALUES (1, 3, 16, 2, 'Chia sẻ thành tựu thực tế với bạn bè — không đăng lên mạng xã hội.');
INSERT INTO program_tasks_metadata (phase_number, week_number, day_number, task_index, title) VALUES (1, 3, 16, 3, 'Ghi nhận: làm điều gì đó chỉ cho riêng mình và người thân thiết — cảm giác thế nào?');
INSERT INTO program_metrics_metadata (phase_number, week_number, day_number, metric_name) VALUES (1, 3, 16, 'Phút học kỹ năng mới (>= 30)');
INSERT INTO program_metrics_metadata (phase_number, week_number, day_number, metric_name) VALUES (1, 3, 16, 'Số thành tựu offline');
INSERT INTO program_metrics_metadata (phase_number, week_number, day_number, metric_name) VALUES (1, 3, 16, 'Mức tự tin vào bản sắc mới');
INSERT INTO program_metrics_metadata (phase_number, week_number, day_number, metric_name) VALUES (1, 3, 16, 'Phút không có khán giả số (>= 60)');
INSERT INTO program_days (day_number, week_number, label) VALUES (17, 3, 'Kiểm soát nỗi sợ bỏ lỡ (FOMO)');
INSERT INTO program_tasks_metadata (phase_number, week_number, day_number, task_index, title) VALUES (1, 3, 17, 0, 'Viết 5 thứ bạn sợ bỏ lỡ nếu không online — đánh giá xem có thực sự quan trọng không.');
INSERT INTO program_tasks_metadata (phase_number, week_number, day_number, task_index, title) VALUES (1, 3, 17, 1, 'Hạn chế tiếp nhận thông tin: chỉ đọc tin tức 1 lần/ngày, chọn lọc nguồn chất lượng.');
INSERT INTO program_tasks_metadata (phase_number, week_number, day_number, task_index, title) VALUES (1, 3, 17, 2, 'Nhận ra nỗi sợ bỏ lỡ là kết quả của thiết kế thu hút từ các ứng dụng, không phải nhu cầu thực tế.');
INSERT INTO program_tasks_metadata (phase_number, week_number, day_number, task_index, title) VALUES (1, 3, 17, 3, 'Viết nhật ký: điều gì thực sự quan trọng với bạn trong 5 năm tới?');
INSERT INTO program_metrics_metadata (phase_number, week_number, day_number, metric_name) VALUES (1, 3, 17, 'Số yếu tố gây sợ bỏ lỡ nhận diện');
INSERT INTO program_metrics_metadata (phase_number, week_number, day_number, metric_name) VALUES (1, 3, 17, 'Phút xem tin tức/ngày (<= 15)');
INSERT INTO program_metrics_metadata (phase_number, week_number, day_number, metric_name) VALUES (1, 3, 17, 'Mức an tâm khi ngoại tuyến');
INSERT INTO program_metrics_metadata (phase_number, week_number, day_number, metric_name) VALUES (1, 3, 17, 'Phút suy ngẫm về giá trị sống');
INSERT INTO program_days (day_number, week_number, label) VALUES (18, 3, 'Tập ngủ không màn hình');
INSERT INTO program_tasks_metadata (phase_number, week_number, day_number, task_index, title) VALUES (1, 3, 18, 0, 'Sạc điện thoại ngoài phòng ngủ — hoặc dùng đồng hồ báo thức cơ học.');
INSERT INTO program_tasks_metadata (phase_number, week_number, day_number, task_index, title) VALUES (1, 3, 18, 1, '1 giờ trước khi ngủ: không màn hình — đọc sách giấy, thiền, viết nhật ký, tắm.');
INSERT INTO program_tasks_metadata (phase_number, week_number, day_number, task_index, title) VALUES (1, 3, 18, 2, 'Buổi sáng: không chạm điện thoại cho đến sau khi ăn sáng xong.');
INSERT INTO program_tasks_metadata (phase_number, week_number, day_number, task_index, title) VALUES (1, 3, 18, 3, 'Theo dõi chất lượng giấc ngủ: thời gian vào giấc, số lần thức giấc, cảm giác lúc thức dậy.');
INSERT INTO program_metrics_metadata (phase_number, week_number, day_number, metric_name) VALUES (1, 3, 18, 'Phút không màn hình trước ngủ (>= 60)');
INSERT INTO program_metrics_metadata (phase_number, week_number, day_number, metric_name) VALUES (1, 3, 18, 'Thời gian vào giấc (<= 20p)');
INSERT INTO program_metrics_metadata (phase_number, week_number, day_number, metric_name) VALUES (1, 3, 18, 'Chất lượng giấc ngủ');
INSERT INTO program_metrics_metadata (phase_number, week_number, day_number, metric_name) VALUES (1, 3, 18, 'Phút không điện thoại sáng (>= 60)');
INSERT INTO program_days (day_number, week_number, label) VALUES (19, 3, 'Kết nối với cơ thể');
INSERT INTO program_tasks_metadata (phase_number, week_number, day_number, task_index, title) VALUES (1, 3, 19, 0, 'Tập thể dục 30 phút — chú ý cảm giác cơ thể, không nghe nhạc hay podcast.');
INSERT INTO program_tasks_metadata (phase_number, week_number, day_number, task_index, title) VALUES (1, 3, 19, 1, 'Ăn 1 bữa hoàn toàn tập trung: không màn hình, không đọc, không podcast.');
INSERT INTO program_tasks_metadata (phase_number, week_number, day_number, task_index, title) VALUES (1, 3, 19, 2, '5 phút thiền quét cơ thể (body scan): quan sát từ chân lên đầu, nhận diện vùng căng thẳng.');
INSERT INTO program_tasks_metadata (phase_number, week_number, day_number, task_index, title) VALUES (1, 3, 19, 3, 'Ghi nhận: phân biệt khi nào cơ thể thực sự cần nghỉ ngơi so với khi tâm trí muốn lướt mạng.');
INSERT INTO program_metrics_metadata (phase_number, week_number, day_number, metric_name) VALUES (1, 3, 19, 'Phút thể dục chú tâm (>= 30)');
INSERT INTO program_metrics_metadata (phase_number, week_number, day_number, metric_name) VALUES (1, 3, 19, 'Bữa ăn không màn hình (>= 1)');
INSERT INTO program_metrics_metadata (phase_number, week_number, day_number, metric_name) VALUES (1, 3, 19, 'Cảm nhận cơ thể rõ rệt');
INSERT INTO program_metrics_metadata (phase_number, week_number, day_number, metric_name) VALUES (1, 3, 19, 'Mức kết nối cơ thể');
INSERT INTO program_days (day_number, week_number, label) VALUES (20, 3, 'Điều hòa cảm xúc khó chịu lành mạnh');
INSERT INTO program_tasks_metadata (phase_number, week_number, day_number, task_index, title) VALUES (1, 3, 20, 0, 'Nhận diện 1 cảm xúc khó chịu trong ngày — không chạy trốn bằng cách dùng điện thoại.');
INSERT INTO program_tasks_metadata (phase_number, week_number, day_number, task_index, title) VALUES (1, 3, 20, 1, 'Thử 3 cách giải tỏa lành mạnh: tập luyện, viết lách, gọi điện tâm sự — ghi nhận cách hiệu quả nhất.');
INSERT INTO program_tasks_metadata (phase_number, week_number, day_number, task_index, title) VALUES (1, 3, 20, 2, 'Viết thư cho bản thân tương lai: "Tôi đang học cách..."');
INSERT INTO program_tasks_metadata (phase_number, week_number, day_number, task_index, title) VALUES (1, 3, 20, 3, 'Nhận diện mô thức: cảm xúc khó chịu → thôi thúc dùng điện thoại → cơ hội để rèn luyện.');
INSERT INTO program_metrics_metadata (phase_number, week_number, day_number, metric_name) VALUES (1, 3, 20, 'Cảm xúc khó xử lý lành mạnh');
INSERT INTO program_metrics_metadata (phase_number, week_number, day_number, metric_name) VALUES (1, 3, 20, 'Cách giải tỏa hiệu quả nhất');
INSERT INTO program_metrics_metadata (phase_number, week_number, day_number, metric_name) VALUES (1, 3, 20, 'Phút viết nhật ký (>= 10)');
INSERT INTO program_metrics_metadata (phase_number, week_number, day_number, metric_name) VALUES (1, 3, 20, 'Mức chịu đựng cảm xúc khó');
INSERT INTO program_days (day_number, week_number, label) VALUES (21, 3, 'Cột mốc 21 ngày — Tổng kết quan trọng');
INSERT INTO program_tasks_metadata (phase_number, week_number, day_number, task_index, title) VALUES (1, 3, 21, 0, 'Đánh giá 3 tuần qua: so sánh thời gian màn hình, tâm trạng, giấc ngủ, độ tập trung, kết nối xã hội.');
INSERT INTO program_tasks_metadata (phase_number, week_number, day_number, task_index, title) VALUES (1, 3, 21, 1, 'Viết 3 thay đổi lớn nhất trong tư duy và hành vi bạn nhận thấy.');
INSERT INTO program_tasks_metadata (phase_number, week_number, day_number, task_index, title) VALUES (1, 3, 21, 2, 'Xác định 2 thói quen tốt đã trở nên tự nhiên (không cần cố gắng nhiều).');
INSERT INTO program_tasks_metadata (phase_number, week_number, day_number, task_index, title) VALUES (1, 3, 21, 3, 'Ăn mừng thực tế cùng người thân thiết — 21 ngày là cột mốc rất quan trọng.');
INSERT INTO program_metrics_metadata (phase_number, week_number, day_number, metric_name) VALUES (1, 3, 21, 'Thời gian màn hình tuần 3 vs tuần 1');
INSERT INTO program_metrics_metadata (phase_number, week_number, day_number, metric_name) VALUES (1, 3, 21, 'Số thói quen tốt đã tự động (>= 2)');
INSERT INTO program_metrics_metadata (phase_number, week_number, day_number, metric_name) VALUES (1, 3, 21, 'Tâm trạng trung bình 3 tuần');
INSERT INTO program_metrics_metadata (phase_number, week_number, day_number, metric_name) VALUES (1, 3, 21, 'Kế hoạch 9 ngày cuối tháng');
INSERT INTO program_weeks (week_number, phase_number, label, range_text, description) VALUES (4, 1, 'Củng Có & Làm Chủ Thói Quen', 'Ngày 22–30', NULL);
INSERT INTO program_days (day_number, week_number, label) VALUES (22, 4, 'Xây dựng mối quan hệ lành mạnh với internet');
INSERT INTO program_tasks_metadata (phase_number, week_number, day_number, task_index, title) VALUES (1, 4, 22, 0, 'Xây dựng "quy tắc internet" cá nhân: viết rõ mục đích sử dụng từng ứng dụng.');
INSERT INTO program_tasks_metadata (phase_number, week_number, day_number, task_index, title) VALUES (1, 4, 22, 1, 'Phân loại ứng dụng: "công cụ hỗ trợ" (hữu ích) so với "giải trí" (giới hạn thời gian).');
INSERT INTO program_tasks_metadata (phase_number, week_number, day_number, task_index, title) VALUES (1, 4, 22, 2, 'Thiết kế 1 ngày lý tưởng — internet chiếm bao nhiêu % thời gian và vào lúc nào?');
INSERT INTO program_tasks_metadata (phase_number, week_number, day_number, task_index, title) VALUES (1, 4, 22, 3, 'Thực hành ngày lý tưởng đó — tự đánh giá vào cuối ngày.');
INSERT INTO program_metrics_metadata (phase_number, week_number, day_number, metric_name) VALUES (1, 4, 22, 'Phút internet có mục đích');
INSERT INTO program_metrics_metadata (phase_number, week_number, day_number, metric_name) VALUES (1, 4, 22, 'Phút lướt mạng vô thức (< 30)');
INSERT INTO program_metrics_metadata (phase_number, week_number, day_number, metric_name) VALUES (1, 4, 22, 'Mức độ tự chủ');
INSERT INTO program_metrics_metadata (phase_number, week_number, day_number, metric_name) VALUES (1, 4, 22, 'Sự khác biệt so với tuần 1');
INSERT INTO program_days (day_number, week_number, label) VALUES (23, 4, 'Quản lý căng thẳng không dùng internet');
INSERT INTO program_tasks_metadata (phase_number, week_number, day_number, task_index, title) VALUES (1, 4, 23, 0, 'Nhận diện top 3 tác nhân gây căng thẳng và lập kế hoạch đối phó không dùng điện thoại.');
INSERT INTO program_tasks_metadata (phase_number, week_number, day_number, task_index, title) VALUES (1, 4, 23, 1, 'Thực hành giãn cơ/thư giãn cơ bắp 15 phút.');
INSERT INTO program_tasks_metadata (phase_number, week_number, day_number, task_index, title) VALUES (1, 4, 23, 2, 'Thở hộp (Box breathing 4-4-4-4): hít 4s, giữ 4s, thở ra 4s, giữ 4s khi căng thẳng.');
INSERT INTO program_tasks_metadata (phase_number, week_number, day_number, task_index, title) VALUES (1, 4, 23, 3, 'Đếm xem bao nhiêu lần dùng internet để giảm căng thẳng so với các phương pháp lành mạnh khác.');
INSERT INTO program_metrics_metadata (phase_number, week_number, day_number, metric_name) VALUES (1, 4, 23, 'Căng thẳng xử lý không dùng điện thoại');
INSERT INTO program_metrics_metadata (phase_number, week_number, day_number, metric_name) VALUES (1, 4, 23, 'Phút thực hành thư giãn (>= 15)');
INSERT INTO program_metrics_metadata (phase_number, week_number, day_number, metric_name) VALUES (1, 4, 23, 'Mức độ căng thẳng');
INSERT INTO program_metrics_metadata (phase_number, week_number, day_number, metric_name) VALUES (1, 4, 23, 'Hiệu quả phương pháp đối phó');
INSERT INTO program_days (day_number, week_number, label) VALUES (24, 4, 'Xây dựng thói quen dài hạn');
INSERT INTO program_tasks_metadata (phase_number, week_number, day_number, task_index, title) VALUES (1, 4, 24, 0, 'Thói quen buổi sáng 60 phút không internet: thiền/thể dục/đọc sách/viết nhật ký.');
INSERT INTO program_tasks_metadata (phase_number, week_number, day_number, task_index, title) VALUES (1, 4, 24, 1, 'Thói quen buổi tối 60 phút thư giãn không màn hình trước khi ngủ.');
INSERT INTO program_tasks_metadata (phase_number, week_number, day_number, task_index, title) VALUES (1, 4, 24, 2, 'Thiết kế thói quen dạng "nếu... thì...": nếu thức dậy thì làm việc A trước khi chạm vào B.');
INSERT INTO program_tasks_metadata (phase_number, week_number, day_number, task_index, title) VALUES (1, 4, 24, 3, 'Thực hành cả hai thói quen mới — ghi nhận điều gì cần điều chỉnh.');
INSERT INTO program_metrics_metadata (phase_number, week_number, day_number, metric_name) VALUES (1, 4, 24, '% thói quen sáng hoàn thành');
INSERT INTO program_metrics_metadata (phase_number, week_number, day_number, metric_name) VALUES (1, 4, 24, 'Phút thói quen tối (>= 60)');
INSERT INTO program_metrics_metadata (phase_number, week_number, day_number, metric_name) VALUES (1, 4, 24, 'Giờ ngủ/thức ổn định');
INSERT INTO program_metrics_metadata (phase_number, week_number, day_number, metric_name) VALUES (1, 4, 24, 'Điểm đánh giá ngày tổng thể');
INSERT INTO program_days (day_number, week_number, label) VALUES (25, 4, 'Nhận diện dấu hiệu báo động & duy trì tự chủ');
INSERT INTO program_tasks_metadata (phase_number, week_number, day_number, task_index, title) VALUES (1, 4, 25, 0, 'Viết 5 dấu hiệu cảnh báo cá nhân trước khi trượt dốc (ví dụ: buồn bã + áp lực công việc + cơ thể mệt mỏi).');
INSERT INTO program_tasks_metadata (phase_number, week_number, day_number, task_index, title) VALUES (1, 4, 25, 1, 'Lập "thẻ duy trì tự chủ": khi thôi thúc sử dụng quá mức trỗi dậy → thực hiện ngay 3 bước cụ thể.');
INSERT INTO program_tasks_metadata (phase_number, week_number, day_number, task_index, title) VALUES (1, 4, 25, 2, 'Chia sẻ kế hoạch duy trì với người đồng hành.');
INSERT INTO program_tasks_metadata (phase_number, week_number, day_number, task_index, title) VALUES (1, 4, 25, 3, 'Nhìn nhận một lần sơ suất sử dụng quá mức — rút ra bài học thay vì tự trách bản thân.');
INSERT INTO program_metrics_metadata (phase_number, week_number, day_number, metric_name) VALUES (1, 4, 25, 'Số dấu hiệu cảnh báo nhận diện (>= 5)');
INSERT INTO program_metrics_metadata (phase_number, week_number, day_number, metric_name) VALUES (1, 4, 25, 'Thẻ duy trì tự chủ hoàn thành');
INSERT INTO program_metrics_metadata (phase_number, week_number, day_number, metric_name) VALUES (1, 4, 25, 'Phút chia sẻ với người đồng hành');
INSERT INTO program_metrics_metadata (phase_number, week_number, day_number, metric_name) VALUES (1, 4, 25, 'Mức tự tin duy trì lối sống mới');
INSERT INTO program_days (day_number, week_number, label) VALUES (26, 4, 'Sáng tạo thực tế');
INSERT INTO program_tasks_metadata (phase_number, week_number, day_number, task_index, title) VALUES (1, 4, 26, 0, 'Dành 1 giờ cho bất kỳ hình thức sáng tạo offline nào: viết lách, vẽ tranh, nấu ăn, làm đồ thủ công.');
INSERT INTO program_tasks_metadata (phase_number, week_number, day_number, task_index, title) VALUES (1, 4, 26, 1, 'Không tìm kiếm hướng dẫn online — dùng kiến thức và trực giác hiện có của bản thân.');
INSERT INTO program_tasks_metadata (phase_number, week_number, day_number, task_index, title) VALUES (1, 4, 26, 2, 'Ghi nhận cảm xúc khi tạo ra điều gì đó "chưa hoàn hảo" so với các nội dung "hoàn hảo" trên mạng.');
INSERT INTO program_tasks_metadata (phase_number, week_number, day_number, task_index, title) VALUES (1, 4, 26, 3, 'Trực tiếp chia sẻ sản phẩm sáng tạo với một người bạn ngoài đời thực.');
INSERT INTO program_metrics_metadata (phase_number, week_number, day_number, metric_name) VALUES (1, 4, 26, 'Phút sáng tạo thực tế (>= 60)');
INSERT INTO program_metrics_metadata (phase_number, week_number, day_number, metric_name) VALUES (1, 4, 26, 'Mức độ hài lòng với sản phẩm');
INSERT INTO program_metrics_metadata (phase_number, week_number, day_number, metric_name) VALUES (1, 4, 26, 'Mức độ so sánh với mạng');
INSERT INTO program_metrics_metadata (phase_number, week_number, day_number, metric_name) VALUES (1, 4, 26, 'Số người thực chia sẻ cùng');
INSERT INTO program_days (day_number, week_number, label) VALUES (27, 4, 'Đóng góp & kết nối ý nghĩa');
INSERT INTO program_tasks_metadata (phase_number, week_number, day_number, task_index, title) VALUES (1, 4, 27, 0, 'Làm 1 việc tốt giúp đỡ người khác ngoài đời thực — không chụp ảnh, không chia sẻ lên mạng.');
INSERT INTO program_tasks_metadata (phase_number, week_number, day_number, task_index, title) VALUES (1, 4, 27, 1, 'Gọi điện hoặc gặp mặt hỏi thăm một người quen đã lâu bạn chưa liên lạc.');
INSERT INTO program_tasks_metadata (phase_number, week_number, day_number, task_index, title) VALUES (1, 4, 27, 2, 'Viết nhật ký: internet và mạng xã hội đã ảnh hưởng như thế nào đến các mối quan hệ của bạn?');
INSERT INTO program_tasks_metadata (phase_number, week_number, day_number, task_index, title) VALUES (1, 4, 27, 3, 'Lên lịch trình gặp gỡ bạn bè, người thân trực tiếp cho tháng tới.');
INSERT INTO program_metrics_metadata (phase_number, week_number, day_number, metric_name) VALUES (1, 4, 27, 'Số hành động giúp đỡ thực tế (>= 1)');
INSERT INTO program_metrics_metadata (phase_number, week_number, day_number, metric_name) VALUES (1, 4, 27, 'Chất lượng gắn kết');
INSERT INTO program_metrics_metadata (phase_number, week_number, day_number, metric_name) VALUES (1, 4, 27, 'Thời gian kết nối thực tế vs mạng xã hội');
INSERT INTO program_metrics_metadata (phase_number, week_number, day_number, metric_name) VALUES (1, 4, 27, 'Lịch trình gặp gỡ tháng tới');
INSERT INTO program_days (day_number, week_number, label) VALUES (28, 4, 'Nhìn lại hành trình & tích hợp lối sống');
INSERT INTO program_tasks_metadata (phase_number, week_number, day_number, task_index, title) VALUES (1, 4, 28, 0, 'Đọc lại toàn bộ nhật ký 28 ngày qua — nhận ra những mô thức hành vi của bản thân.');
INSERT INTO program_tasks_metadata (phase_number, week_number, day_number, task_index, title) VALUES (1, 4, 28, 1, 'So sánh dữ liệu thực tế: thời gian màn hình ngày 1 so với hôm nay, tâm trạng, giấc ngủ, tập trung.');
INSERT INTO program_tasks_metadata (phase_number, week_number, day_number, task_index, title) VALUES (1, 4, 28, 2, 'Viết 1 trang chia sẻ về "bản thân tôi trước và sau hành trình 28 ngày này".');
INSERT INTO program_tasks_metadata (phase_number, week_number, day_number, task_index, title) VALUES (1, 4, 28, 3, 'Chia sẻ những bài học bổ ích này với người đồng hành hoặc một người bạn tin cậy.');
INSERT INTO program_metrics_metadata (phase_number, week_number, day_number, metric_name) VALUES (1, 4, 28, '% cải thiện thời gian màn hình tổng');
INSERT INTO program_metrics_metadata (phase_number, week_number, day_number, metric_name) VALUES (1, 4, 28, 'Cải thiện tâm trạng');
INSERT INTO program_metrics_metadata (phase_number, week_number, day_number, metric_name) VALUES (1, 4, 28, 'Cải thiện giấc ngủ');
INSERT INTO program_metrics_metadata (phase_number, week_number, day_number, metric_name) VALUES (1, 4, 28, 'Số bài học tự rút ra');
INSERT INTO program_days (day_number, week_number, label) VALUES (29, 4, 'Xây dựng Bản cam kết số cá nhân');
INSERT INTO program_tasks_metadata (phase_number, week_number, day_number, task_index, title) VALUES (1, 4, 29, 0, 'Viết "Bản cam kết số cá nhân": 5–7 nguyên tắc sử dụng thiết bị số và internet của riêng bạn.');
INSERT INTO program_tasks_metadata (phase_number, week_number, day_number, task_index, title) VALUES (1, 4, 29, 1, 'Thiết lập ngày nghỉ ngơi số (Digital sabbath): 1 ngày/tuần giảm 90% việc dùng internet.');
INSERT INTO program_tasks_metadata (phase_number, week_number, day_number, task_index, title) VALUES (1, 4, 29, 2, 'Cài đặt nhắc nhở: xem lại Bản cam kết số vào cuối mỗi tháng.');
INSERT INTO program_tasks_metadata (phase_number, week_number, day_number, task_index, title) VALUES (1, 4, 29, 3, 'Xác định 1 mục tiêu lớn ngoài đời thực trong 3 tháng tới.');
INSERT INTO program_metrics_metadata (phase_number, week_number, day_number, metric_name) VALUES (1, 4, 29, 'Bản cam kết số (Hoàn thiện?)');
INSERT INTO program_metrics_metadata (phase_number, week_number, day_number, metric_name) VALUES (1, 4, 29, 'Ngày nghỉ ngơi số đã chọn');
INSERT INTO program_metrics_metadata (phase_number, week_number, day_number, metric_name) VALUES (1, 4, 29, 'Mục tiêu thực tế 3 tháng');
INSERT INTO program_metrics_metadata (phase_number, week_number, day_number, metric_name) VALUES (1, 4, 29, 'Mức độ cam kết (1-10)');
INSERT INTO program_days (day_number, week_number, label) VALUES (30, 4, 'Ăn mừng & Cam kết hành trình tiếp theo');
INSERT INTO program_tasks_metadata (phase_number, week_number, day_number, task_index, title) VALUES (1, 4, 30, 0, 'Tổng kết: lưu trữ tất cả dữ liệu theo dõi 30 ngày qua vào 1 cuốn sổ hoặc file cá nhân.');
INSERT INTO program_tasks_metadata (phase_number, week_number, day_number, task_index, title) VALUES (1, 4, 30, 1, 'Viết một bức thư gửi cho chính mình của 6 tháng sau — kể về hành trình 30 ngày ý nghĩa này.');
INSERT INTO program_tasks_metadata (phase_number, week_number, day_number, task_index, title) VALUES (1, 4, 30, 2, 'Ăn mừng trực tiếp ngoài đời thực cùng bạn bè/người thân — chia sẻ câu chuyện của bạn.');
INSERT INTO program_tasks_metadata (phase_number, week_number, day_number, task_index, title) VALUES (1, 4, 30, 3, 'Cam kết: duy trì lối sống lành mạnh trong 66 ngày tiếp theo để thói quen bền vững — đặt lịch nhắc nhở.');
INSERT INTO program_metrics_metadata (phase_number, week_number, day_number, metric_name) VALUES (1, 4, 30, 'Hoàn thành 30/30 nhiệm vụ');
INSERT INTO program_metrics_metadata (phase_number, week_number, day_number, metric_name) VALUES (1, 4, 30, 'Báo cáo dữ liệu đã lưu');
INSERT INTO program_metrics_metadata (phase_number, week_number, day_number, metric_name) VALUES (1, 4, 30, 'Thư tương lai đã viết');
INSERT INTO program_metrics_metadata (phase_number, week_number, day_number, metric_name) VALUES (1, 4, 30, 'Cam kết ngày thứ 66');
INSERT INTO program_phases (phase_number, label, range_text, icon, focus, science) VALUES (2, 'Củng Có Nền Tảng', 'Ngày 31–60', '⚡', 'Làm việc sâu, rèn luyện sự thích ứng cảm xúc, tích lũy vốn xã hội thực tế.', 'Hình thành thói quen cần trung bình 66 ngày (Lally et al., 2010); Tính dẻo của não bộ; Ngăn ngừa trượt dốc dựa trên chánh niệm (MBRP).');
INSERT INTO program_weeks (week_number, phase_number, label, range_text, description) VALUES (5, 2, 'Làm Việc Tập Trung Sâu', 'Ngày 31–37', 'Tăng thời gian tập trung sâu lên 2-3 giờ/ngày. Xây dựng hệ thống hiệu suất thực tế. Đo lường kết quả công việc, không chỉ đo thời gian.');
INSERT INTO program_tasks_metadata (phase_number, week_number, day_number, task_index, title) VALUES (2, 5, NULL, 0, 'Thiết kế nghi thức tập trung sâu cá nhân: cùng giờ, cùng địa điểm, cùng tín hiệu khởi động.');
INSERT INTO program_tasks_metadata (phase_number, week_number, day_number, task_index, title) VALUES (2, 5, NULL, 1, 'Tăng chu kỳ Pomodoro từ 25 lên 50 phút — đo lường sức bền nhận thức thực tế.');
INSERT INTO program_tasks_metadata (phase_number, week_number, day_number, task_index, title) VALUES (2, 5, NULL, 2, 'Đánh giá kết quả tuần: đã tạo ra sản phẩm gì trong tuần (so với chỉ đọc/xem nội dung)?');
INSERT INTO program_tasks_metadata (phase_number, week_number, day_number, task_index, title) VALUES (2, 5, NULL, 3, 'Giảm mạng xã hội xuống ≤ 30 phút/ngày bằng tính năng hẹn giờ giới hạn nghiêm ngặt.');
INSERT INTO program_metrics_metadata (phase_number, week_number, day_number, metric_name) VALUES (2, 5, NULL, 'Phút tập trung sâu/ngày (>= 120)');
INSERT INTO program_metrics_metadata (phase_number, week_number, day_number, metric_name) VALUES (2, 5, NULL, 'Kết quả tuần (nhiệm vụ/bài/sản phẩm) (>= 3)');
INSERT INTO program_metrics_metadata (phase_number, week_number, day_number, metric_name) VALUES (2, 5, NULL, 'Mạng xã hội (phút/ngày) (<= 30)');
INSERT INTO program_metrics_metadata (phase_number, week_number, day_number, metric_name) VALUES (2, 5, NULL, 'Chuỗi ngày liên tục (ngày)');
INSERT INTO program_weeks (week_number, phase_number, label, range_text, description) VALUES (6, 2, 'Điều Hòa Cảm Xúc', 'Ngày 38–44', 'Xây dựng bộ công cụ điều hòa cảm xúc không phụ thuộc internet. Nhận diện "sự đói cảm xúc" — nhiều lần dùng điện thoại là để lấp đầy khoảng trống cảm xúc, không phải để tìm kiếm thông tin cần thiết.');
INSERT INTO program_tasks_metadata (phase_number, week_number, day_number, task_index, title) VALUES (2, 6, NULL, 0, 'Ghi nhận tâm trạng hàng daily sáng và tối — theo dõi mô thức cảm xúc theo tuần.');
INSERT INTO program_tasks_metadata (phase_number, week_number, day_number, task_index, title) VALUES (2, 6, NULL, 1, 'Khi căng thẳng: dùng kỹ thuật dừng lại (Dừng lại, Hít thở, Quan sát, Tiếp tục).');
INSERT INTO program_tasks_metadata (phase_number, week_number, day_number, task_index, title) VALUES (2, 6, NULL, 2, 'Xây dựng danh mục giải tỏa cá nhân: 10 hoạt động không internet giúp tinh thần tốt hơn.');
INSERT INTO program_tasks_metadata (phase_number, week_number, day_number, task_index, title) VALUES (2, 6, NULL, 3, 'Nhờ 3 người thân nhận xét về thay đổi của bạn từ tháng 1 — ghi lại phản hồi.');
INSERT INTO program_metrics_metadata (phase_number, week_number, day_number, metric_name) VALUES (2, 6, NULL, 'Nhật ký cảm xúc hoàn thành (Sáng + Tối)');
INSERT INTO program_metrics_metadata (phase_number, week_number, day_number, metric_name) VALUES (2, 6, NULL, 'Số lần dùng kỹ thuật dừng lại');
INSERT INTO program_metrics_metadata (phase_number, week_number, day_number, metric_name) VALUES (2, 6, NULL, 'Danh mục giải tỏa hoàn thiện (>= 10)');
INSERT INTO program_metrics_metadata (phase_number, week_number, day_number, metric_name) VALUES (2, 6, NULL, 'Phản hồi từ người thân (>= 3 người)');
INSERT INTO program_weeks (week_number, phase_number, label, range_text, description) VALUES (7, 2, 'Kết Nối Xã Hội Thực Tế', 'Ngày 45–51', 'Khôi phục và đầu tư vào mối quan hệ thực tế. Nghiên cứu Harvard 80 năm: chất lượng mối quan hệ là yếu tố hàng đầu quyết định sức khỏe và hạnh phúc (Waldinger, 2015).');
INSERT INTO program_tasks_metadata (phase_number, week_number, day_number, task_index, title) VALUES (2, 7, NULL, 0, 'Lập "bản đồ mối quan hệ": vẽ vòng tròn thân thiết — người bạn muốn gắn kết hơn.');
INSERT INTO program_tasks_metadata (phase_number, week_number, day_number, task_index, title) VALUES (2, 7, NULL, 1, 'Đặt lịch gặp mặt trực tiếp ít nhất 2 lần/tuần với người thân/bạn bè.');
INSERT INTO program_tasks_metadata (phase_number, week_number, day_number, task_index, title) VALUES (2, 7, NULL, 2, 'Bữa ăn không điện thoại: 1 bữa ăn/tuần với gia đình hoặc bạn bè, điện thoại để ngoài phòng.');
INSERT INTO program_tasks_metadata (phase_number, week_number, day_number, task_index, title) VALUES (2, 7, NULL, 3, 'Tham gia 1 câu lạc bộ, lớp học, hoặc nhóm trực tiếp phù hợp sở thích.');
INSERT INTO program_metrics_metadata (phase_number, week_number, day_number, metric_name) VALUES (2, 7, NULL, 'Lần gặp mặt trực tiếp/tuần (>= 2)');
INSERT INTO program_metrics_metadata (phase_number, week_number, day_number, metric_name) VALUES (2, 7, NULL, 'Bữa ăn không điện thoại (1/tuần)');
INSERT INTO program_metrics_metadata (phase_number, week_number, day_number, metric_name) VALUES (2, 7, NULL, 'Tham gia hoạt động cộng đồng (>= 1/tháng)');
INSERT INTO program_metrics_metadata (phase_number, week_number, day_number, metric_name) VALUES (2, 7, NULL, 'Chất lượng mối quan hệ');
INSERT INTO program_weeks (week_number, phase_number, label, range_text, description) VALUES (8, 2, 'Đánh Giá & Tái Thiết Lập Tháng', 'Ngày 52–60', 'Tổng kết 60 ngày. Đây là cột mốc quan trọng — bạn đã vượt qua giai đoạn điều chỉnh thử thách nhất. Não bộ đã hình thành các đường truyền thần kinh mới tốt đẹp.');
INSERT INTO program_tasks_metadata (phase_number, week_number, day_number, task_index, title) VALUES (2, 8, NULL, 0, 'So sánh dữ liệu 60 ngày so với ngày 1: thời gian sử dụng màn hình, chất lượng giấc ngủ, độ tập trung, tâm trạng, các mối quan hệ.');
INSERT INTO program_tasks_metadata (phase_number, week_number, day_number, task_index, title) VALUES (2, 8, NULL, 1, 'Viết "Thư gửi bản thân trong quá khứ": bạn sẽ nói gì với bản thân 60 ngày trước?');
INSERT INTO program_tasks_metadata (phase_number, week_number, day_number, task_index, title) VALUES (2, 8, NULL, 2, 'Điều chỉnh Bản cam kết số cá nhân dựa trên những gì đã học.');
INSERT INTO program_tasks_metadata (phase_number, week_number, day_number, task_index, title) VALUES (2, 8, NULL, 3, 'Tự thưởng: tổ chức sự kiện thực tế có ý nghĩa — chuyến đi ngắn, bữa ăn đặc biệt, trải nghiệm mới.');
INSERT INTO program_metrics_metadata (phase_number, week_number, day_number, metric_name) VALUES (2, 8, NULL, '% giảm thời gian màn hình so với ngày 1');
INSERT INTO program_metrics_metadata (phase_number, week_number, day_number, metric_name) VALUES (2, 8, NULL, 'Cải thiện chất lượng ngủ');
INSERT INTO program_metrics_metadata (phase_number, week_number, day_number, metric_name) VALUES (2, 8, NULL, 'Cải thiện thời gian tập trung');
INSERT INTO program_metrics_metadata (phase_number, week_number, day_number, metric_name) VALUES (2, 8, NULL, 'Mức độ hài lòng trong mối quan hệ');
INSERT INTO program_phases (phase_number, label, range_text, icon, focus, science) VALUES (3, 'Tích Hợp Lối Sống', 'Ngày 61–90', '🧭', 'Định hình bản sắc cá nhân mới, phát triển sáng tạo, tối ưu hóa năng lượng thể chất.', 'Thay đổi thói quen dựa trên bản sắc (James Clear, 2018); Thuyết tự quyết (Deci & Ryan, 2000).');
INSERT INTO program_weeks (week_number, phase_number, label, range_text, description) VALUES (9, 3, 'Định Hình Bản Sắc Mới', 'Ngày 61–67', 'Cuộc sống làm chủ bản thân không chỉ đơn thuần là "bỏ thói quen cũ" — đó là sống theo một bản sắc mới tích cực. Giai đoạn này tập trung vào "tôi là người như thế nào" thay vì chỉ là "tôi làm gì".');
INSERT INTO program_tasks_metadata (phase_number, week_number, day_number, task_index, title) VALUES (3, 9, NULL, 0, 'Viết "Cẩm nang về tôi": bạn là ai, bạn trân trọng giá trị gì, bạn muốn sống cuộc đời như thế nào?.');
INSERT INTO program_tasks_metadata (phase_number, week_number, day_number, task_index, title) VALUES (3, 9, NULL, 1, 'Chọn 1 tuyên ngôn bản sắc: "Tôi là người..." và thử thách nó trong mọi quyết định hàng ngày.');
INSERT INTO program_tasks_metadata (phase_number, week_number, day_number, task_index, title) VALUES (3, 9, NULL, 2, 'Xem xét lại mọi ứng dụng trên điện thoại: cái nào phục vụ bản sắc mới, cái nào đi ngược lại?.');
INSERT INTO program_tasks_metadata (phase_number, week_number, day_number, task_index, title) VALUES (3, 9, NULL, 3, 'Hỏi trước mỗi lần sử dụng internet: "Điều này có phục vụ cho người mà tôi mong muốn trở thành?"');
INSERT INTO program_metrics_metadata (phase_number, week_number, day_number, metric_name) VALUES (3, 9, NULL, 'Cẩm nang về tôi hoàn thiện');
INSERT INTO program_metrics_metadata (phase_number, week_number, day_number, metric_name) VALUES (3, 9, NULL, 'Áp dụng tuyên ngôn bản sắc/ngày');
INSERT INTO program_metrics_metadata (phase_number, week_number, day_number, metric_name) VALUES (3, 9, NULL, 'Ứng dụng phù hợp bản sắc');
INSERT INTO program_metrics_metadata (phase_number, week_number, day_number, metric_name) VALUES (3, 9, NULL, 'Câu hỏi trước khi sử dụng internet');
INSERT INTO program_weeks (week_number, phase_number, label, range_text, description) VALUES (10, 3, 'Sáng Tạo & Ý Nghĩa', 'Ngày 68–74', 'Khi não bộ không còn bị kích thích liên tục bởi thế giới ảo, tư duy sáng tạo tự nhiên sẽ trỗi dậy mạnh mẽ.');
INSERT INTO program_tasks_metadata (phase_number, week_number, day_number, task_index, title) VALUES (3, 10, NULL, 0, 'Trang viết buổi sáng: viết tự do 3 trang mỗi sáng trước khi làm bất kỳ việc gì (Julia Cameron).');
INSERT INTO program_tasks_metadata (phase_number, week_number, day_number, task_index, title) VALUES (3, 10, NULL, 1, 'Bắt đầu 1 dự án sáng tạo dài hạn trực tiếp — 30 phút/ngày.');
INSERT INTO program_tasks_metadata (phase_number, week_number, day_number, task_index, title) VALUES (3, 10, NULL, 2, 'Chủ đề viết nhật ký: "Nếu không có gì cản trở, tôi thực sự mong muốn làm gì?".');
INSERT INTO program_tasks_metadata (phase_number, week_number, day_number, task_index, title) VALUES (3, 10, NULL, 3, 'Ghi lại mọi ý tưởng nảy sinh trong ngày vào sổ tay giấy.');
INSERT INTO program_metrics_metadata (phase_number, week_number, day_number, metric_name) VALUES (3, 10, NULL, 'Ngày viết trang sáng (>= 5/7)');
INSERT INTO program_metrics_metadata (phase_number, week_number, day_number, metric_name) VALUES (3, 10, NULL, 'Phút làm dự án sáng tạo/ngày (>= 30)');
INSERT INTO program_metrics_metadata (phase_number, week_number, day_number, metric_name) VALUES (3, 10, NULL, 'Số ý tưởng ghi nhận/tuần');
INSERT INTO program_metrics_metadata (phase_number, week_number, day_number, metric_name) VALUES (3, 10, NULL, 'Độ sáng tạo tự cảm nhận');
INSERT INTO program_weeks (week_number, phase_number, label, range_text, description) VALUES (11, 3, 'Tối Ưu Hóa Thể Chất', 'Ngày 75–81', 'Não bộ và cơ thể là một hệ thống thống nhất. Đây là lúc nâng cấp toàn diện: giấc ngủ sâu hơn, thể thao có định hướng, dinh dưỡng hỗ trợ khả năng thích ứng thần kinh.');
INSERT INTO program_tasks_metadata (phase_number, week_number, day_number, task_index, title) VALUES (3, 11, NULL, 0, 'Đồng bộ giờ ngủ/thức: cùng một mốc thời gian 7 ngày/tuần ± 30 phút kể cả cuối tuần.');
INSERT INTO program_tasks_metadata (phase_number, week_number, day_number, task_index, title) VALUES (3, 11, NULL, 1, 'Tập luyện có cấu trúc: tập tim mạch 3 lần/tuần + tập sức mạnh 2 lần/tuần.');
INSERT INTO program_tasks_metadata (phase_number, week_number, day_number, task_index, title) VALUES (3, 11, NULL, 2, 'Dinh dưỡng brain: omega-3, việt quất, sô-cô-la đen, trà xanh — bổ sung vào thực đơn hàng ngày.');
INSERT INTO program_tasks_metadata (phase_number, week_number, day_number, task_index, title) VALUES (3, 11, NULL, 3, 'Tắm nước lạnh 30–60 giây cuối mỗi buổi tắm — tăng các chất dẫn truyền thần kinh hạnh phúc tự nhiên.');
INSERT INTO program_metrics_metadata (phase_number, week_number, day_number, metric_name) VALUES (3, 11, NULL, 'Giờ ngủ/thức ổn định (± 30 phút)');
INSERT INTO program_metrics_metadata (phase_number, week_number, day_number, metric_name) VALUES (3, 11, NULL, 'Ngày tập luyện/tuần (>= 4)');
INSERT INTO program_metrics_metadata (phase_number, week_number, day_number, metric_name) VALUES (3, 11, NULL, 'Chất lượng giấc ngủ (1-10)');
INSERT INTO program_metrics_metadata (phase_number, week_number, day_number, metric_name) VALUES (3, 11, NULL, 'Năng lượng buổi sáng');
INSERT INTO program_weeks (week_number, phase_number, label, range_text, description) VALUES (12, 3, 'Cột Mốc 90 Ngày & Kế Hoạch', 'Ngày 82–90', '90 ngày là điểm tựa quan trọng trong mọi chương trình phục hồi thói quen. Tại đây bạn có dữ liệu và trải nghiệm thực tế để tự đánh giá và lập kế hoạch cho 6-12 tháng tiếp theo.');
INSERT INTO program_tasks_metadata (phase_number, week_number, day_number, task_index, title) VALUES (3, 12, NULL, 0, 'Đánh giá toàn diện 90 ngày: so sánh 15 chỉ số từ ngày 1 đến hôm nay.');
INSERT INTO program_tasks_metadata (phase_number, week_number, day_number, task_index, title) VALUES (3, 12, NULL, 1, 'Viết "Câu chuyện 90 ngày": hành trình của bạn từ ngày đầu đến hôm nay — 1-2 trang.');
INSERT INTO program_tasks_metadata (phase_number, week_number, day_number, task_index, title) VALUES (3, 12, NULL, 2, 'Chia sẻ câu chuyện với ít nhất 3 người — trực tiếp để tăng kết nối thực tế.');
INSERT INTO program_tasks_metadata (phase_number, week_number, day_number, task_index, title) VALUES (3, 12, NULL, 3, 'Lập kế hoạch năm: bạn muốn làm gì với thời gian và năng lượng dồi dào đã tích lũy được?');
INSERT INTO program_metrics_metadata (phase_number, week_number, day_number, metric_name) VALUES (3, 12, NULL, 'Đánh giá 90 ngày hoàn thành');
INSERT INTO program_metrics_metadata (phase_number, week_number, day_number, metric_name) VALUES (3, 12, NULL, '15 chỉ số đã so sánh');
INSERT INTO program_metrics_metadata (phase_number, week_number, day_number, metric_name) VALUES (3, 12, NULL, 'Người đã chia sẻ câu chuyện (>= 3)');
INSERT INTO program_metrics_metadata (phase_number, week_number, day_number, metric_name) VALUES (3, 12, NULL, 'Kế hoạch năm');
INSERT INTO program_phases (phase_number, label, range_text, icon, focus, science) VALUES (4, 'Làm Chủ Hoàn Toàn', 'Ngày 91–120', '🏆', 'Phong cách tối giản số bền vững, tầm nhìn cuộc sống dài hạn, cống hiến và để lại giá trị lâu dài.', 'Mô hình PERMA về hạnh phúc bền vững (Seligman, 2011); Thuyết dòng chảy; Lối sống tối giản số (Newport, 2019).');
INSERT INTO program_weeks (week_number, phase_number, label, range_text, description) VALUES (13, 4, 'Thiết Kế Tối Giản Số', 'Ngày 91–97', 'Không phải là ngắt kết nối mãi mãi mà là thiết kế lại mối quan hệ của bạn với công nghệ một cách có chủ đích. Tối giản số không phải chống lại công nghệ mà là định hình cách dùng công nghệ phục vụ cuộc sống của bạn.');
INSERT INTO program_tasks_metadata (phase_number, week_number, day_number, task_index, title) VALUES (4, 13, NULL, 0, 'Kiểm kê toàn bộ đời sống số: ứng dụng, đăng ký dịch vụ, danh sách email, tài khoản mạng xã hội — giữ gì, xóa gì?.');
INSERT INTO program_tasks_metadata (phase_number, week_number, day_number, task_index, title) VALUES (4, 13, NULL, 1, 'Thiết kế "Bản thiết kế đời sống số": công nghệ nào sẽ dùng, dùng vào mục đích gì, trong bao lâu.');
INSERT INTO program_tasks_metadata (phase_number, week_number, day_number, task_index, title) VALUES (4, 13, NULL, 2, 'Thử thách 30 ngày không công nghệ tùy chọn: tạm ngưng thêm 1 nền tảng không cần thiết.');
INSERT INTO program_tasks_metadata (phase_number, week_number, day_number, task_index, title) VALUES (4, 13, NULL, 3, 'Đọc hoặc nghe cuốn "Lối sống tối giản thời công nghệ số" của Cal Newport — áp dụng 3 nguyên tắc cốt lõi.');
INSERT INTO program_metrics_metadata (phase_number, week_number, day_number, metric_name) VALUES (4, 13, NULL, 'Số ứng dụng/tài khoản đã xóa');
INSERT INTO program_metrics_metadata (phase_number, week_number, day_number, metric_name) VALUES (4, 13, NULL, 'Bản thiết kế đời sống số hoàn thiện');
INSERT INTO program_metrics_metadata (phase_number, week_number, day_number, metric_name) VALUES (4, 13, NULL, 'Nền tảng thử nghiệm loại bỏ');
INSERT INTO program_metrics_metadata (phase_number, week_number, day_number, metric_name) VALUES (4, 13, NULL, 'Nguyên tắc áp dụng');
INSERT INTO program_weeks (week_number, phase_number, label, range_text, description) VALUES (14, 4, 'Mục Tiêu & Tầm Nhìn Dài Hạn', 'Ngày 98–104', 'Sử dụng internet quá mức thường để khỏa lấp khoảng trống về mục tiêu sống. Khi bạn có lý tưởng và kế hoạch rõ ràng, thế giới ảo tự khắc giảm sức hút bởi bạn đang có những việc quan trọng hơn cần hoàn thành.');
INSERT INTO program_tasks_metadata (phase_number, week_number, day_number, task_index, title) VALUES (4, 14, NULL, 0, 'Thực hành Ikigai: vẽ 4 vòng tròn lý tưởng (điều bạn yêu thích / điều bạn giỏi / điều thế giới cần / điều mang lại thu nhập).');
INSERT INTO program_tasks_metadata (phase_number, week_number, day_number, task_index, title) VALUES (4, 14, NULL, 1, 'Viết tầm nhìn 1 năm: trong 12 tháng nữa bạn mong muốn đạt được những cột mốc nào?.');
INSERT INTO program_tasks_metadata (phase_number, week_number, day_number, task_index, title) VALUES (4, 14, NULL, 2, 'Lập kế hoạch ngược: từ tầm nhìn 1 năm, phân bổ thành mục tiêu 3 tháng, 1 tháng, 1 tuần.');
INSERT INTO program_tasks_metadata (phase_number, week_number, day_number, task_index, title) VALUES (4, 14, NULL, 3, 'Xác định 1 "Dự án lớn" để dành 1 giờ mỗi ngày tập trung thực hiện trong 90 ngày tới.');
INSERT INTO program_metrics_metadata (phase_number, week_number, day_number, metric_name) VALUES (4, 14, NULL, 'Ikigai hoàn thành');
INSERT INTO program_metrics_metadata (phase_number, week_number, day_number, metric_name) VALUES (4, 14, NULL, 'Tầm nhìn 1 năm đã viết');
INSERT INTO program_metrics_metadata (phase_number, week_number, day_number, metric_name) VALUES (4, 14, NULL, 'Mục tiêu ngược đã phân bổ');
INSERT INTO program_metrics_metadata (phase_number, week_number, day_number, metric_name) VALUES (4, 14, NULL, 'Dự án lớn đã chọn');
INSERT INTO program_weeks (week_number, phase_number, label, range_text, description) VALUES (15, 4, 'Đóng Góp & Giá Trị Bền Vững', 'Ngày 105–111', 'Hạnh phúc đích thực đến từ sự sẻ chia — đóng góp giá trị cho người khác và cộng đồng. Đây là đỉnh cao của tháp hạnh phúc và là yếu tố bảo vệ vững chắc nhất giúp bạn duy trì lối sống lành mạnh lâu dài.');
INSERT INTO program_tasks_metadata (phase_number, week_number, day_number, task_index, title) VALUES (4, 15, NULL, 0, 'Tìm 1 cách đóng góp cho cộng đồng phù hợp với năng lực và giá trị của bạn.');
INSERT INTO program_tasks_metadata (phase_number, week_number, day_number, task_index, title) VALUES (4, 15, NULL, 1, 'Tình nguyện hoặc làm người hướng dẫn: dạy cho người khác một điều bạn thành thạo — trực tiếp, ngoài đời thực.');
INSERT INTO program_tasks_metadata (phase_number, week_number, day_number, task_index, title) VALUES (4, 15, NULL, 2, 'Chia sẻ hành trình hơn 90 ngày qua với một người đang cần: trò chuyện chân thành, không chia sẻ lên mạng xã hội.');
INSERT INTO program_tasks_metadata (phase_number, week_number, day_number, task_index, title) VALUES (4, 15, NULL, 3, 'Viết "Tuyên ngôn cống hiến": tôi muốn đóng góp giá trị gì cho thế giới xung quanh?.');
INSERT INTO program_metrics_metadata (phase_number, week_number, day_number, metric_name) VALUES (4, 15, NULL, 'Hoạt động cống hiến đã thực hiện');
INSERT INTO program_metrics_metadata (phase_number, week_number, day_number, metric_name) VALUES (4, 15, NULL, 'Người được hỗ trợ/hướng dẫn');
INSERT INTO program_metrics_metadata (phase_number, week_number, day_number, metric_name) VALUES (4, 15, NULL, 'Người đã chia sẻ hành trình');
INSERT INTO program_metrics_metadata (phase_number, week_number, day_number, metric_name) VALUES (4, 15, NULL, 'Tuyên ngôn cống hiến');
INSERT INTO program_weeks (week_number, phase_number, label, range_text, description) VALUES (16, 4, 'Đánh Giá 120 Ngày & Lối Sống Trọn Đời', 'Ngày 112–120', 'Đây không phải là điểm kết thúc — đây là nền móng. 120 ngày là khoảng thời gian đủ để não bộ thay đổi cấu trúc tích cực, giúp bạn nhận diện rõ ràng bản thân khi không bị xao nhãng bởi thế giới số.');
INSERT INTO program_tasks_metadata (phase_number, week_number, day_number, task_index, title) VALUES (4, 16, NULL, 0, 'Đánh giá dữ liệu toàn diện 120 ngày: tổng hợp tất cả các chỉ số theo dõi trong 4 tháng.');
INSERT INTO program_tasks_metadata (phase_number, week_number, day_number, task_index, title) VALUES (4, 16, NULL, 1, 'Viết "Tuyên ngôn cá nhân": các nguyên tắc sống cốt lõi của bạn — không chỉ là quy tắc sử dụng thiết bị số mà là kim chỉ nam cuộc sống.');
INSERT INTO program_tasks_metadata (phase_number, week_number, day_number, task_index, title) VALUES (4, 16, NULL, 2, 'Thiết lập hệ thống duy trì trọn đời: đánh giá hàng tháng, điều chỉnh hàng quý, tái cân bằng hàng năm.');
INSERT INTO program_tasks_metadata (phase_number, week_number, day_number, task_index, title) VALUES (4, 16, NULL, 3, 'Tự thưởng và tri ân: thực hiện một điều ý nghĩa cùng những người bạn yêu thương.');
INSERT INTO program_metrics_metadata (phase_number, week_number, day_number, metric_name) VALUES (4, 16, NULL, 'Đánh giá dữ liệu 120 ngày');
INSERT INTO program_metrics_metadata (phase_number, week_number, day_number, metric_name) VALUES (4, 16, NULL, 'Tuyên ngôn cá nhân đã viết');
INSERT INTO program_metrics_metadata (phase_number, week_number, day_number, metric_name) VALUES (4, 16, NULL, 'Hệ thống trọn đời đã thiết lập');
INSERT INTO program_metrics_metadata (phase_number, week_number, day_number, metric_name) VALUES (4, 16, NULL, 'Hoạt động tự thưởng đã lên kế hoạch');